Name,Age,GPA,Credits Completed,Year,Pathway
Emmy Anderson,19,1.27,33,Victory Lap,Construction
Kyan Wilson,19,1.92,56,Senior,Marketing
Keaton Miller,15,3.68,5,Freshman,Culinary
Kyan Miller,14,1.49,30,Senior,Culinary
Lisa Jones,14,2.82,13,Freshman,Early Childhood Education
Ben Johnson,15,2.67,21,Senior,Marketing
Noah Wilson,18,0.64,32,Sophomore,Construction
Andrew Garcia,17,2.75,14,Junior,Criminal Justice
Lisa Fogarty,18,2.93,40,Victory Lap,Business
Jane Johnson,18,2.12,27,Freshman,Engineering
Lucian Davis,14,1.39,56,Sophomore,Early Childhood Education
Danielle Willaims,14,1.39,47,Victory Lap,Early Childhood Education
Marge Fogarty,18,1.88,7,Senior,Early College
Joe Johnson,16,0.99,57,Sophomore,Early Childhood Education
Kaden Wilson,19,0.85,13,Freshman,Bio Med
Emma Jones,19,2.48,25,Freshman,Culinary
Elijah Brown,15,0.86,19,Sophomore,Construction
Ben Miller,17,3.98,37,Senior,Engineering
Emma Moore,14,2.19,0,Freshman,Construction
Elijah Foster,17,0.83,19,Freshman,Early Childhood Education
Kaden Wilson,16,2.87,42,Senior,Criminal Justice
Andrew Willaims,16,3.07,29,Sophomore,Engineering
Marge Smith,16,1.42,16,Victory Lap,Early College
Alexis Brown,16,3.39,2,Sophomore,Early Childhood Education
Lucian Johnson,18,0.78,22,Victory Lap,Business
Andrew Jones,17,2.07,24,Sophomore,Early Childhood Education
Jane Brown,18,0.35,53,Freshman,Business
Jane Smith,18,0.54,54,Victory Lap,Computer Science
Roman Johnson,15,1.18,28,Freshman,Early College
Kyan Smith,19,1.6,39,Junior,Culinary
Jane DeFreitas,14,4.25,10,Junior,Marketing
Eliana Wilson,18,1.64,50,Victory Lap,Criminal Justice
Danielle Manukyan,18,2.32,50,Senior,Early Childhood Education
Noah Anderson,14,1.83,3,Victory Lap,Early College
Emma Willaims,16,2.12,59,Junior,Criminal Justice
Emmy Fogarty,19,3.6,21,Freshman,Bio Med
Noah Johnson,19,1.49,13,Sophomore,Culinary
Kaden Garcia,16,2.95,29,Senior,Early Childhood Education
Emma Miller,15,0.37,39,Sophomore,Early Childhood Education
Danielle Anderson,19,3.97,40,Sophomore,Engineering
Emmy DeFreitas,18,3.05,51,Senior,Early College
Aiden DeFreitas,15,3.71,31,Victory Lap,Culinary
Rachel Willaims,16,2.45,5,Junior,Marketing
Elijah Davis,17,3.28,23,Senior,Culinary
Roman Brown,18,2.46,52,Sophomore,Bio Med
Noah Brown,16,3.68,6,Freshman,Bio Med
Kaden Brown,18,0.32,20,Senior,Engineering
Roman Fogarty,19,3.61,2,Victory Lap,Early Childhood Education
Kaden Anderson,17,3.37,12,Freshman,Business
Kyan Manukyan,19,0.93,30,Sophomore,Bio Med
Lisa Brown,19,2.18,45,Junior,Marketing
Marge Manukyan,19,0.32,50,Sophomore,Business
Jill Manukyan,15,3.43,28,Senior,Computer Science
Eliana Wilson,16,3.09,57,Sophomore,Marketing
Kyan Manukyan,15,1.42,55,Senior,Criminal Justice
Roman Fogarty,14,1.09,58,Freshman,Bio Med
Eliana Manukyan,14,3.46,21,Victory Lap,Computer Science
Emmy Moore,17,0.79,60,Senior,Early Childhood Education
Aiden Foster,14,2.44,10,Junior,Construction
Andrew Garcia,19,2.09,42,Victory Lap,Bio Med
Danielle Fogarty,17,3.71,45,Senior,Construction
Alexis Moore,16,2.57,56,Junior,Early Childhood Education
Elijah Brown,16,2.8,29,Victory Lap,Construction
Alexis Manukyan,19,0.71,3,Freshman,Bio Med
Eliana Foster,16,0.51,37,Sophomore,Bio Med
Eliana Davis,19,2.3,41,Victory Lap,Engineering
Kaden Smith,19,4.07,60,Freshman,Business
Alexis Moore,18,2.65,46,Junior,Marketing
Andrew Johnson,16,2.82,2,Senior,Criminal Justice
Marge Davis,17,1.01,49,Junior,Marketing
Van Garcia,17,2.46,19,Freshman,Criminal Justice
Emmy Smith,15,0.33,31,Junior,Bio Med
Eliana Davis,19,3.77,57,Senior,Construction
Katerina Anderson,18,2.22,40,Sophomore,Business
Benedict Anderson,19,4.28,49,Junior,Bio Med
Eliana Foster,14,3.27,26,Senior,Criminal Justice
Noah Foster,16,0.42,32,Junior,Computer Science
Kaden Anderson,16,3.14,55,Sophomore,Construction
Jane Foster,18,3.27,15,Sophomore,Criminal Justice
Benedict Miller,14,2.11,46,Senior,Culinary
Emmy DeFreitas,19,1.22,59,Victory Lap,Early College
Lucian Fogarty,15,0.49,21,Junior,Early Childhood Education
Keaton Moore,17,2.37,23,Victory Lap,Culinary
Alexis Miller,14,1.26,13,Junior,Business
Andrew Garcia,18,3.01,31,Senior,Computer Science
Marge Wilson,19,3.23,40,Junior,Early Childhood Education
Noah Willaims,15,3.91,13,Freshman,Criminal Justice
Kyan Moore,19,3.38,33,Senior,Early Childhood Education
Alexis Wilson,17,1.97,53,Senior,Criminal Justice
Alexis Garcia,16,2.26,33,Sophomore,Early College
Katerina DeFreitas,14,0.95,4,Senior,Engineering
Katerina Willaims,19,1.62,41,Sophomore,Culinary
Lucian Brown,19,2.55,34,Sophomore,Construction
Mac Foster,17,3.42,39,Freshman,Business
Jane Foster,17,0.43,25,Senior,Early Childhood Education
Kaden DeFreitas,16,1.84,5,Victory Lap,Criminal Justice
Emma Fogarty,18,2.92,8,Senior,Early Childhood Education
Lisa Anderson,16,2.5,49,Junior,Engineering
Ben Brown,14,1.83,12,Freshman,Marketing
Alexis Garcia,16,0.96,49,Sophomore,Business
Mac Johnson,16,3.3,17,Freshman,Culinary
Elijah Fogarty,15,2.45,11,Sophomore,Computer Science
Kaden Foster,18,2.42,30,Sophomore,Business
Keaton Anderson,18,1.2,16,Sophomore,Early Childhood Education
Marge Willaims,14,1.23,58,Junior,Construction
Katerina Moore,14,0.33,14,Sophomore,Criminal Justice
Danielle Moore,18,2.49,59,Junior,Culinary
Emma Willaims,14,1.88,9,Senior,Business
Kaden Miller,16,3.4,11,Senior,Construction
Kyan Brown,19,2.04,41,Junior,Business
Roman Smith,14,4.25,55,Freshman,Early Childhood Education
Katerina Miller,17,1.65,34,Sophomore,Construction
Lucian Fogarty,17,2.54,57,Sophomore,Engineering
Lisa Johnson,14,2.6,38,Freshman,Engineering
Van Davis,16,3.58,18,Senior,Construction
Noah Jones,17,0.4,58,Junior,Early College
Noah Fogarty,17,2.05,59,Sophomore,Early College
Jill Moore,18,1.56,50,Sophomore,Business
Danielle Manukyan,19,1.86,16,Freshman,Business
Roman Moore,16,0.67,48,Victory Lap,Engineering
Jill Jones,18,2.12,50,Sophomore,Marketing
Mac Jones,16,3.87,49,Junior,Marketing
Jill Smith,15,3.08,31,Junior,Culinary
Joe Miller,18,4.22,16,Freshman,Business
Lisa Johnson,19,2.15,25,Junior,Construction
Noah Wilson,15,3.24,55,Victory Lap,Early College
Andrew Moore,14,1.83,5,Senior,Early College
Lisa Johnson,16,3.87,30,Sophomore,Engineering
Lucian Johnson,19,2.66,39,Sophomore,Computer Science
Marge Manukyan,14,0.59,49,Sophomore,Construction
Noah Smith,18,0.95,11,Victory Lap,Marketing
Mac Fogarty,15,0.54,34,Junior,Marketing
Lucian Jones,15,0.38,3,Senior,Culinary
Eliana Moore,19,1.34,58,Victory Lap,Engineering
Eliana Willaims,19,2.44,58,Junior,Business
Aiden Johnson,19,2.21,32,Victory Lap,Marketing
Noah Willaims,15,0.48,47,Victory Lap,Computer Science
Danielle Anderson,17,3.47,57,Sophomore,Criminal Justice
Eliana Garcia,17,3.68,22,Junior,Construction
Roman Wilson,15,3.34,50,Junior,Construction
Jill DeFreitas,19,2.37,0,Junior,Computer Science
Kaden Wilson,17,1.17,4,Senior,Bio Med
Rachel Johnson,16,3.66,24,Junior,Engineering
Aiden Willaims,19,3.9,28,Junior,Culinary
Van Jones,18,4.09,52,Senior,Computer Science
Elijah Foster,19,3.51,47,Junior,Computer Science
Katerina Davis,16,1.25,8,Junior,Marketing
Van Foster,18,1.6,19,Freshman,Construction
Keaton Foster,14,3.05,15,Victory Lap,Computer Science
Emma Johnson,14,2.97,13,Junior,Early College
Emma Miller,15,2.44,49,Sophomore,Engineering
Danielle Brown,16,4.0,9,Senior,Early College
Danielle Moore,15,3.61,22,Senior,Business
Ben Wilson,19,3.24,27,Sophomore,Early College
Benedict Johnson,17,0.33,15,Junior,Construction
Noah Jones,19,1.58,46,Victory Lap,Early Childhood Education
Keaton Davis,14,3.36,16,Freshman,Bio Med
Kaden Anderson,14,2.74,58,Victory Lap,Culinary
Noah Johnson,18,1.66,57,Victory Lap,Criminal Justice
Andrew DeFreitas,18,1.23,37,Junior,Marketing
Benedict Manukyan,17,3.96,10,Senior,Early College
Mac Manukyan,15,1.39,56,Junior,Culinary
Noah Davis,17,2.71,29,Sophomore,Engineering
Alexis Smith,17,0.88,16,Victory Lap,Business
Alexis Moore,15,2.71,54,Freshman,Construction
Emmy DeFreitas,14,1.8,25,Sophomore,Early Childhood Education
Marge DeFreitas,16,1.11,32,Victory Lap,Marketing
Mac Anderson,14,0.55,14,Senior,Bio Med
Kaden Miller,19,3.28,23,Victory Lap,Culinary
Jill Wilson,15,1.5,56,Freshman,Engineering
Van Davis,17,1.77,59,Freshman,Early Childhood Education
Rachel Jones,17,2.95,48,Junior,Early Childhood Education
Aiden DeFreitas,14,1.5,4,Victory Lap,Culinary
Aiden Jones,16,3.54,50,Junior,Computer Science
Benedict Jones,16,1.85,2,Junior,Early College
Ben Garcia,14,1.42,59,Sophomore,Early Childhood Education
Alexis Brown,17,3.62,21,Sophomore,Early College
Jill Garcia,17,1.49,41,Freshman,Construction
Ben Davis,15,3.36,8,Senior,Criminal Justice
Katerina Davis,18,2.51,45,Junior,Computer Science
Mac Jones,19,2.0,59,Sophomore,Early College
Emma DeFreitas,16,1.98,30,Sophomore,Construction
Jane Miller,19,1.15,33,Freshman,Early Childhood Education
Elijah Jones,15,0.62,43,Junior,Engineering
Alexis Garcia,16,1.18,19,Senior,Bio Med
Eliana Anderson,17,2.82,52,Freshman,Engineering
Emma Garcia,15,0.77,14,Junior,Bio Med
Noah DeFreitas,17,2.06,58,Sophomore,Early College
Lisa Smith,14,0.41,29,Junior,Business
Jane Brown,19,3.5,35,Junior,Early Childhood Education
Marge Anderson,17,1.44,35,Senior,Computer Science
Katerina Wilson,14,3.94,37,Junior,Early College
Eliana Smith,16,0.92,40,Freshman,Early College
Danielle Johnson,17,0.68,3,Victory Lap,Early College
Kaden DeFreitas,19,0.83,55,Senior,Early College
Andrew Moore,19,3.27,5,Victory Lap,Bio Med
Marge Davis,17,2.99,2,Victory Lap,Construction
Elijah Garcia,16,0.66,52,Senior,Computer Science
Eliana Brown,16,0.36,35,Senior,Construction
Rachel Garcia,14,4.05,11,Sophomore,Marketing
Kyan Miller,19,0.66,9,Senior,Criminal Justice
Jill Moore,16,1.06,52,Victory Lap,Early Childhood Education
Marge Fogarty,17,4.01,31,Junior,Criminal Justice
Elijah Miller,14,3.81,59,Junior,Culinary
Emma Willaims,16,3.69,19,Sophomore,Early College
Benedict Johnson,19,3.89,59,Victory Lap,Early Childhood Education
Mac Foster,14,0.46,51,Junior,Business
Keaton Manukyan,15,4.15,26,Sophomore,Construction
Eliana Johnson,14,2.63,23,Victory Lap,Construction
Roman Davis,18,1.28,32,Freshman,Criminal Justice
Kaden Manukyan,15,0.82,46,Senior,Engineering
Danielle Johnson,16,0.48,49,Junior,Early College
Van Brown,17,1.83,53,Sophomore,Culinary
Elijah Miller,15,3.36,3,Victory Lap,Computer Science
Emma Brown,16,1.38,1,Sophomore,Marketing
Kaden Smith,16,1.34,3,Freshman,Engineering
Noah Garcia,18,2.59,43,Junior,Construction
Kaden Willaims,17,0.42,59,Sophomore,Early Childhood Education
Katerina Foster,16,1.87,19,Junior,Engineering
Danielle Foster,15,1.07,35,Senior,Early College
Kaden Davis,14,1.78,33,Sophomore,Marketing
Joe Foster,17,0.72,22,Freshman,Marketing
Noah Manukyan,16,1.44,23,Freshman,Culinary
Noah Jones,14,2.31,9,Junior,Marketing
Kaden Brown,16,2.6,37,Victory Lap,Culinary
Noah Johnson,14,1.49,45,Victory Lap,Computer Science
Eliana Jones,16,2.81,16,Freshman,Construction
Marge Manukyan,17,0.38,31,Victory Lap,Engineering
Joe DeFreitas,17,2.17,34,Junior,Culinary
Marge Moore,16,2.81,47,Freshman,Early Childhood Education
Eliana Jones,18,1.68,17,Senior,Early College
Joe Foster,14,1.14,31,Junior,Early College
Mac Jones,17,1.49,43,Sophomore,Marketing
Roman Foster,19,0.49,33,Freshman,Early College
Joe Jones,19,1.23,20,Victory Lap,Bio Med
Elijah Smith,16,1.19,25,Freshman,Culinary
Roman Anderson,14,1.21,41,Sophomore,Construction
Marge DeFreitas,15,2.89,30,Senior,Marketing
Katerina Brown,14,4.23,44,Junior,Marketing
Katerina Johnson,18,0.99,34,Freshman,Business
Aiden Manukyan,14,3.07,31,Sophomore,Engineering
Mac Davis,19,3.69,51,Junior,Early Childhood Education
Kaden Wilson,14,2.25,20,Victory Lap,Early Childhood Education
Emmy Jones,19,1.0,50,Junior,Engineering
Jill Davis,19,2.22,35,Freshman,Marketing
Lucian Wilson,19,0.92,25,Freshman,Bio Med
Keaton Miller,19,2.75,13,Freshman,Business
Aiden Davis,17,2.79,45,Sophomore,Early Childhood Education
Benedict Wilson,18,0.8,52,Victory Lap,Early Childhood Education
Benedict Brown,16,3.25,56,Junior,Early Childhood Education
Emma Miller,18,2.06,0,Junior,Criminal Justice
Lucian Fogarty,16,1.77,50,Victory Lap,Engineering
Alexis Willaims,17,4.02,2,Senior,Engineering
Rachel Garcia,17,4.01,19,Junior,Marketing
Ben Johnson,19,0.59,31,Junior,Engineering
Noah Miller,17,3.24,60,Victory Lap,Culinary
Katerina Foster,15,0.33,48,Junior,Early College
Kaden Garcia,16,4.17,20,Freshman,Construction
Benedict DeFreitas,17,1.33,50,Sophomore,Business
Jane Brown,19,0.63,54,Freshman,Computer Science
Elijah Brown,16,2.68,1,Sophomore,Engineering
Joe Garcia,18,1.09,23,Junior,Engineering
Emma Willaims,15,1.92,3,Junior,Bio Med
Marge Fogarty,15,4.02,25,Freshman,Early Childhood Education
Katerina Anderson,14,2.34,6,Sophomore,Construction
Marge Willaims,19,1.69,44,Junior,Culinary
Van Brown,17,2.23,36,Victory Lap,Business
Katerina Davis,18,2.29,9,Victory Lap,Marketing
Mac Manukyan,15,0.92,50,Freshman,Engineering
Van Brown,14,2.17,36,Sophomore,Culinary
Elijah Smith,19,0.52,45,Sophomore,Computer Science
Emma Davis,18,1.94,17,Senior,Bio Med
Kaden Anderson,17,0.44,55,Junior,Engineering
Emmy Smith,19,3.91,26,Senior,Marketing
Kyan Garcia,15,1.86,38,Junior,Bio Med
Roman Moore,18,2.0,53,Sophomore,Early Childhood Education
Alexis Willaims,15,2.81,22,Sophomore,Marketing
Benedict Wilson,14,1.88,49,Victory Lap,Early Childhood Education
Noah Manukyan,14,2.41,28,Freshman,Computer Science
Van Moore,17,2.15,24,Senior,Computer Science
Joe Foster,18,2.88,48,Freshman,Culinary
Rachel Miller,19,1.12,41,Junior,Marketing
Roman DeFreitas,14,2.28,58,Junior,Business
Ben Garcia,16,2.77,38,Sophomore,Bio Med
Keaton Jones,15,1.74,38,Junior,Early Childhood Education
Marge Foster,14,3.36,3,Sophomore,Bio Med
Eliana Garcia,15,3.71,51,Victory Lap,Culinary
Kyan Fogarty,18,1.61,30,Junior,Construction
Van DeFreitas,16,1.71,22,Victory Lap,Engineering
Benedict Davis,18,0.79,23,Junior,Engineering
Andrew Willaims,17,3.41,51,Junior,Construction
Elijah Willaims,19,4.12,57,Junior,Criminal Justice
Eliana DeFreitas,14,1.67,28,Freshman,Marketing
Alexis Jones,14,1.17,22,Sophomore,Engineering
Van Brown,16,2.83,45,Freshman,Bio Med
Kyan Willaims,16,3.1,17,Junior,Criminal Justice
Benedict Anderson,16,1.13,2,Junior,Engineering
Jill Foster,18,1.33,56,Sophomore,Early College
Kaden Jones,18,3.19,51,Victory Lap,Early College
Van Willaims,15,4.04,46,Freshman,Engineering
Roman Fogarty,18,3.43,12,Sophomore,Bio Med
Roman Miller,14,3.5,18,Victory Lap,Business
Eliana Manukyan,16,3.27,30,Junior,Computer Science
Danielle Brown,19,0.35,14,Victory Lap,Computer Science
Lisa Anderson,18,3.34,42,Victory Lap,Culinary
Eliana Foster,14,0.57,34,Victory Lap,Computer Science
Eliana Wilson,16,4.16,59,Senior,Criminal Justice
Marge Miller,15,0.98,42,Senior,Business
Katerina Jones,18,1.53,25,Junior,Construction
Emma Miller,19,2.29,21,Sophomore,Bio Med
Kaden Johnson,15,1.26,47,Victory Lap,Criminal Justice
Emma DeFreitas,19,2.37,32,Sophomore,Early Childhood Education
Jane Willaims,15,4.29,15,Junior,Early Childhood Education
Joe DeFreitas,15,2.62,1,Senior,Early College
Alexis Miller,18,0.76,47,Junior,Culinary
Kaden DeFreitas,14,3.1,8,Senior,Construction
Aiden Foster,16,0.82,40,Senior,Early Childhood Education
Noah Johnson,16,3.81,23,Sophomore,Engineering
Joe Johnson,14,1.94,43,Sophomore,Bio Med
Emmy Jones,17,0.71,8,Sophomore,Bio Med
Marge Foster,16,3.49,35,Senior,Early Childhood Education
Katerina Brown,16,2.26,44,Junior,Business
Marge Foster,18,1.66,51,Freshman,Construction
Eliana Garcia,19,2.29,47,Junior,Bio Med
Benedict Wilson,19,0.94,47,Victory Lap,Marketing
Ben Wilson,15,2.63,37,Sophomore,Business
Kaden Brown,15,2.73,6,Senior,Engineering
Benedict Willaims,16,0.95,57,Sophomore,Criminal Justice
Kyan Wilson,15,1.6,9,Freshman,Construction
Alexis Willaims,15,2.38,60,Sophomore,Criminal Justice
Aiden Brown,17,2.18,5,Freshman,Culinary
Katerina Moore,14,3.53,29,Junior,Marketing
Keaton Brown,14,3.26,12,Freshman,Engineering
Katerina Davis,18,2.62,9,Victory Lap,Criminal Justice
Lucian Willaims,16,0.92,12,Freshman,Bio Med
Aiden Brown,14,0.85,42,Freshman,Criminal Justice
Kyan Foster,16,2.64,53,Victory Lap,Early Childhood Education
Andrew Manukyan,15,1.97,54,Victory Lap,Computer Science
Alexis Johnson,14,1.02,2,Sophomore,Computer Science
Rachel DeFreitas,19,0.9,29,Freshman,Business
Noah Jones,19,1.86,48,Sophomore,Early College
Lucian Willaims,18,3.51,38,Junior,Early Childhood Education
Jill Brown,18,3.59,25,Junior,Bio Med
Eliana Foster,17,1.37,32,Freshman,Early Childhood Education
Noah Fogarty,18,3.64,26,Senior,Culinary
Alexis Smith,18,0.79,34,Senior,Computer Science
Emma Moore,18,2.72,45,Senior,Business
Alexis Wilson,17,2.0,19,Sophomore,Early College
Katerina Fogarty,14,2.26,38,Freshman,Criminal Justice
Eliana Johnson,14,3.09,30,Victory Lap,Early College
Ben Foster,18,0.89,52,Victory Lap,Construction
Van Foster,19,3.43,8,Junior,Engineering
Marge Wilson,18,3.7,47,Sophomore,Construction
Noah Wilson,16,3.09,16,Senior,Marketing
Kaden Fogarty,15,1.14,19,Sophomore,Early College
Benedict Jones,14,1.23,6,Senior,Engineering
Roman DeFreitas,19,3.55,42,Sophomore,Marketing
Lisa Smith,14,2.16,15,Junior,Bio Med
Jill Garcia,15,3.13,52,Junior,Early College
Danielle Miller,15,0.98,50,Freshman,Computer Science
Rachel Smith,18,1.48,56,Freshman,Culinary
Rachel Manukyan,19,3.31,29,Freshman,Construction
Lucian Wilson,15,3.12,44,Freshman,Computer Science
Katerina Willaims,14,1.36,58,Junior,Engineering
Jane Davis,19,3.47,33,Senior,Early Childhood Education
Jill Davis,16,2.32,4,Senior,Early College
Mac Fogarty,14,3.33,17,Senior,Early Childhood Education
Katerina Foster,17,2.98,58,Junior,Engineering
Jane Foster,19,2.08,34,Sophomore,Computer Science
Lucian Brown,17,1.69,42,Freshman,Bio Med
Aiden Jones,14,4.24,3,Victory Lap,Early Childhood Education
Roman Willaims,17,0.68,5,Junior,Criminal Justice
Alexis Smith,15,3.26,21,Senior,Engineering
Lisa Garcia,15,2.36,52,Sophomore,Early College
Van Wilson,16,2.44,14,Junior,Bio Med
Emma Johnson,17,1.24,59,Victory Lap,Bio Med
Van Anderson,16,1.96,51,Junior,Marketing
Aiden Jones,19,4.0,34,Senior,Construction
Noah Anderson,15,2.31,22,Senior,Bio Med
Noah Brown,15,1.2,12,Senior,Early College
Kyan Jones,16,3.43,42,Victory Lap,Marketing
Kaden Manukyan,18,1.96,45,Senior,Early Childhood Education
Benedict Willaims,18,2.04,1,Senior,Computer Science
Mac Smith,19,3.14,36,Victory Lap,Early College
Marge Moore,18,3.21,40,Junior,Early Childhood Education
Lucian Willaims,15,0.92,39,Victory Lap,Criminal Justice
Lucian DeFreitas,18,0.91,37,Sophomore,Criminal Justice
Van Manukyan,15,0.33,37,Victory Lap,Marketing
Jill Wilson,18,0.83,18,Victory Lap,Business
Benedict Miller,14,4.0,30,Freshman,Engineering
Aiden Anderson,18,0.31,33,Freshman,Computer Science
Aiden Willaims,17,3.54,17,Freshman,Early College
Danielle Davis,17,0.94,25,Junior,Business
Rachel Anderson,15,0.59,41,Freshman,Business
Roman Smith,18,3.99,9,Sophomore,Early College
Ben Smith,18,2.28,59,Sophomore,Computer Science
Noah Anderson,16,2.46,44,Senior,Construction
Rachel Garcia,15,0.88,28,Freshman,Early College
Lisa Foster,17,0.39,41,Sophomore,Early Childhood Education
Alexis Wilson,19,3.81,10,Sophomore,Marketing
Ben Manukyan,16,1.93,40,Junior,Marketing
Alexis Wilson,19,2.04,27,Victory Lap,Criminal Justice
Ben Brown,18,2.6,25,Junior,Marketing
Mac Smith,14,1.07,49,Victory Lap,Criminal Justice
Elijah Miller,18,2.09,10,Junior,Marketing
Jill Moore,19,2.64,49,Junior,Computer Science
Ben Brown,17,4.15,28,Freshman,Engineering
Lucian Johnson,17,0.47,32,Freshman,Engineering
Jill Foster,19,1.14,19,Freshman,Computer Science
Keaton Garcia,14,0.94,17,Freshman,Marketing
Jane Manukyan,15,3.15,41,Senior,Early College
Van Miller,17,3.47,43,Sophomore,Construction
Danielle Manukyan,16,2.81,13,Victory Lap,Computer Science
Jill Garcia,15,2.12,15,Sophomore,Bio Med
Lisa Wilson,14,0.96,57,Victory Lap,Business
Kaden Miller,19,2.05,50,Senior,Criminal Justice
Emma Jones,16,0.48,36,Senior,Bio Med
Mac Willaims,15,1.99,40,Victory Lap,Engineering
Jane Willaims,16,2.03,36,Freshman,Engineering
Benedict Fogarty,15,4.01,6,Sophomore,Business
Emma Miller,16,2.64,6,Junior,Criminal Justice
Lisa Garcia,18,4.24,17,Senior,Bio Med
Danielle Jones,14,1.81,48,Victory Lap,Early College
Elijah Manukyan,17,1.18,11,Junior,Construction
Keaton Smith,18,1.47,56,Junior,Business
Roman Garcia,14,3.15,48,Sophomore,Business
Jill Johnson,19,2.62,41,Sophomore,Engineering
Elijah Smith,15,2.54,39,Freshman,Bio Med
Van Moore,14,0.38,32,Junior,Business
Ben Fogarty,17,4.09,4,Victory Lap,Early Childhood Education
Eliana Jones,19,0.84,48,Victory Lap,Engineering
Mac Anderson,16,1.41,44,Victory Lap,Criminal Justice
Marge Miller,15,4.12,52,Junior,Engineering
Ben Fogarty,17,4.02,6,Senior,Business
Aiden Anderson,15,0.39,48,Junior,Bio Med
Alexis Garcia,17,2.44,21,Senior,Culinary
Noah Foster,18,1.96,0,Sophomore,Early College
Lucian Foster,17,2.56,2,Freshman,Construction
Mac Garcia,19,1.41,4,Victory Lap,Business
Marge Garcia,17,2.91,22,Sophomore,Marketing
Kaden Manukyan,15,2.68,49,Junior,Business
Jill Foster,15,3.82,48,Freshman,Engineering
Lisa Brown,17,1.52,2,Senior,Computer Science
Joe Willaims,18,2.7,32,Senior,Early College
Joe Davis,17,3.66,46,Freshman,Engineering
Kaden Jones,18,0.49,35,Junior,Computer Science
Lisa Moore,17,0.8,11,Sophomore,Criminal Justice
Emmy Manukyan,15,2.06,8,Freshman,Early Childhood Education
Emmy Brown,17,0.5,47,Victory Lap,Business
Danielle Manukyan,17,4.25,40,Junior,Early Childhood Education
Alexis Davis,16,0.37,4,Freshman,Marketing
Andrew Foster,17,1.09,1,Sophomore,Criminal Justice
Emmy Manukyan,18,3.69,15,Freshman,Early College
Emmy Manukyan,18,1.62,31,Junior,Business
Jane Moore,14,3.93,56,Junior,Criminal Justice
Emma Brown,19,3.26,29,Senior,Construction
Mac Miller,18,3.03,12,Freshman,Marketing
Emmy Anderson,18,4.15,30,Sophomore,Marketing
Alexis Davis,15,2.69,54,Victory Lap,Bio Med
Alexis Garcia,15,1.46,46,Senior,Bio Med
Katerina Manukyan,18,0.43,28,Freshman,Early College
Jill Wilson,14,2.35,58,Freshman,Culinary
Aiden Fogarty,14,1.28,19,Junior,Culinary
Elijah Foster,14,1.64,0,Junior,Computer Science
Andrew Fogarty,18,3.79,33,Victory Lap,Early College
Roman Johnson,17,3.99,8,Junior,Bio Med
Keaton Johnson,17,2.64,19,Sophomore,Construction
Rachel Fogarty,18,3.3,35,Junior,Early Childhood Education
Roman Willaims,19,1.54,14,Senior,Culinary
Marge Willaims,16,2.48,31,Junior,Marketing
Keaton Anderson,17,2.51,30,Victory Lap,Marketing
Marge Jones,17,1.04,0,Victory Lap,Early Childhood Education
Kaden Johnson,14,1.76,26,Sophomore,Early College
Joe Garcia,19,3.2,27,Freshman,Marketing
Benedict Foster,18,1.31,4,Sophomore,Bio Med
Lucian Fogarty,18,0.62,32,Sophomore,Business
Elijah Jones,18,2.53,6,Freshman,Computer Science
Lisa Wilson,15,2.9,57,Freshman,Business
Ben Willaims,14,2.49,41,Senior,Bio Med
Lucian Smith,14,3.16,39,Freshman,Computer Science
Marge Manukyan,14,0.67,51,Victory Lap,Construction
Elijah Miller,18,1.94,40,Sophomore,Computer Science
Van Garcia,15,2.2,41,Victory Lap,Computer Science
Mac Garcia,16,3.82,52,Senior,Criminal Justice
Emma Fogarty,15,1.3,2,Sophomore,Marketing
Marge Willaims,16,2.37,47,Freshman,Early Childhood Education
Keaton Jones,14,0.88,39,Freshman,Computer Science
Roman Foster,16,3.58,18,Sophomore,Marketing
Danielle Smith,15,3.99,4,Junior,Criminal Justice
Katerina DeFreitas,15,3.11,9,Freshman,Criminal Justice
Danielle Davis,15,4.18,7,Senior,Early Childhood Education
Kyan Wilson,15,1.74,11,Freshman,Bio Med
Andrew Willaims,17,1.92,10,Junior,Culinary
Kaden DeFreitas,19,0.4,39,Junior,Bio Med
Roman Willaims,16,2.13,31,Victory Lap,Culinary
Noah Foster,16,1.98,3,Freshman,Computer Science
Kaden DeFreitas,14,0.5,55,Freshman,Construction
Keaton DeFreitas,15,4.24,53,Freshman,Early College
Jane Smith,16,0.63,15,Senior,Business
Aiden Fogarty,15,3.96,49,Victory Lap,Construction
Emmy Jones,17,3.37,24,Sophomore,Engineering
Roman Jones,17,1.18,7,Sophomore,Computer Science
Kaden Smith,16,2.15,6,Victory Lap,Business
Benedict Moore,16,2.79,5,Senior,Early College
Keaton DeFreitas,14,2.22,16,Sophomore,Early Childhood Education
Kaden Willaims,16,1.48,39,Sophomore,Bio Med
Elijah Wilson,17,3.14,38,Victory Lap,Business
Kyan DeFreitas,15,2.26,55,Victory Lap,Culinary
Van Foster,15,3.37,37,Senior,Criminal Justice
Lisa Miller,18,4.29,11,Junior,Early Childhood Education
Kyan Miller,18,3.45,55,Freshman,Culinary
Jane Miller,16,3.96,33,Senior,Early Childhood Education
Elijah Moore,16,3.99,55,Victory Lap,Computer Science
Elijah Fogarty,18,3.93,1,Sophomore,Bio Med
Katerina Brown,19,3.61,18,Senior,Culinary
Emma Willaims,18,1.64,41,Senior,Construction
Lucian DeFreitas,16,0.52,20,Junior,Marketing
Aiden Foster,14,3.83,29,Senior,Early Childhood Education
Eliana Miller,14,3.37,25,Junior,Computer Science
Emmy Wilson,18,2.55,47,Victory Lap,Engineering
Jane Davis,19,1.4,25,Sophomore,Marketing
Van DeFreitas,14,3.05,58,Victory Lap,Criminal Justice
Roman Miller,14,3.12,4,Freshman,Bio Med
Rachel Smith,19,3.6,44,Freshman,Culinary
Marge Manukyan,18,3.56,13,Senior,Construction
Lisa Smith,15,2.17,46,Junior,Early College
Rachel Jones,18,2.03,36,Junior,Early Childhood Education
Eliana Fogarty,15,2.87,10,Victory Lap,Early College
Joe Johnson,18,1.91,12,Senior,Computer Science
Lucian DeFreitas,16,3.16,18,Freshman,Early Childhood Education
Joe Garcia,14,2.26,16,Senior,Early Childhood Education
Kyan Moore,17,1.31,34,Freshman,Bio Med
Ben Johnson,15,0.31,46,Victory Lap,Engineering
Danielle Jones,17,3.62,8,Senior,Engineering
Katerina Davis,18,0.44,7,Junior,Criminal Justice
Elijah Davis,15,2.84,58,Freshman,Construction
Jill Miller,19,2.36,40,Senior,Computer Science
Lisa Brown,19,4.15,2,Senior,Bio Med
Lisa Anderson,18,2.11,56,Senior,Construction
Elijah Willaims,15,2.68,10,Freshman,Construction
Eliana Smith,15,1.04,5,Junior,Business
Elijah Moore,14,1.02,2,Junior,Business
Eliana Wilson,15,1.21,30,Sophomore,Computer Science
Jill Foster,14,2.95,21,Junior,Computer Science
Andrew Manukyan,17,4.27,49,Junior,Business
Jill Wilson,19,0.93,57,Victory Lap,Bio Med
Emma Foster,17,4.13,48,Senior,Bio Med
Aiden Garcia,16,4.22,25,Junior,Construction
Noah DeFreitas,16,2.69,55,Senior,Early College
Roman Willaims,18,1.0,57,Senior,Bio Med
Lisa Johnson,19,1.41,55,Sophomore,Business
Kyan Wilson,17,1.09,31,Senior,Bio Med
Eliana Manukyan,19,3.72,13,Junior,Computer Science
Katerina DeFreitas,18,0.97,51,Senior,Early College
Emmy Anderson,15,2.2,53,Freshman,Culinary
Van Foster,14,2.26,43,Freshman,Computer Science
Kyan Manukyan,15,3.34,45,Senior,Engineering
Ben Anderson,18,4.24,8,Freshman,Criminal Justice
Jane Johnson,18,2.37,4,Victory Lap,Early College
Roman DeFreitas,15,4.25,14,Freshman,Early College
Danielle Moore,15,3.56,56,Victory Lap,Criminal Justice
Joe Foster,16,3.96,32,Victory Lap,Computer Science
Emma Smith,17,2.58,20,Victory Lap,Computer Science
Elijah Moore,18,3.14,41,Freshman,Business
Mac Brown,19,3.48,32,Senior,Bio Med
Ben Fogarty,16,2.81,48,Junior,Construction
Marge Foster,15,2.49,23,Senior,Early Childhood Education
Mac Johnson,14,2.01,52,Senior,Bio Med
Lisa Anderson,14,1.72,22,Senior,Early College
Marge Davis,15,1.83,1,Junior,Marketing
Mac DeFreitas,16,0.54,10,Junior,Engineering
Mac Moore,18,1.81,56,Freshman,Construction
Katerina Davis,16,0.57,18,Junior,Construction
Mac Moore,17,3.51,19,Junior,Computer Science
Katerina Miller,15,0.37,28,Sophomore,Engineering
Noah Brown,17,0.3,38,Victory Lap,Engineering
Emma Anderson,15,0.62,58,Freshman,Marketing
Kyan Manukyan,18,1.31,5,Junior,Bio Med
Marge Smith,17,2.63,52,Freshman,Culinary
Van Moore,15,2.18,14,Junior,Marketing
Rachel Garcia,15,2.94,7,Junior,Bio Med
Benedict Wilson,15,2.87,15,Senior,Early College
Eliana Wilson,14,0.52,28,Victory Lap,Business
Lisa Manukyan,14,0.4,53,Freshman,Criminal Justice
Benedict Fogarty,14,3.94,5,Victory Lap,Criminal Justice
Jill Foster,16,3.48,35,Junior,Engineering
Marge Moore,19,2.95,0,Senior,Criminal Justice
Roman Brown,17,0.78,8,Victory Lap,Criminal Justice
Aiden Miller,16,1.93,30,Victory Lap,Culinary
Lucian Willaims,14,1.81,17,Sophomore,Computer Science
Elijah Manukyan,16,3.57,45,Sophomore,Construction
Joe Moore,15,3.75,32,Freshman,Culinary
Kyan Foster,19,2.28,6,Senior,Early Childhood Education
Keaton Anderson,16,0.65,14,Senior,Computer Science
Andrew Jones,17,2.58,3,Freshman,Computer Science
Danielle Willaims,19,3.66,13,Victory Lap,Computer Science
Lisa Willaims,19,0.54,12,Senior,Bio Med
Alexis Willaims,19,4.2,34,Sophomore,Culinary
Elijah DeFreitas,19,2.06,54,Sophomore,Construction
Marge Anderson,14,1.85,45,Victory Lap,Early Childhood Education
Katerina Foster,17,2.83,20,Junior,Criminal Justice
Jane Garcia,18,3.15,27,Freshman,Computer Science
Andrew Foster,15,1.04,50,Sophomore,Early College
Eliana Davis,18,4.05,49,Victory Lap,Culinary
Alexis Garcia,16,2.69,25,Senior,Bio Med
Kaden Willaims,19,3.89,46,Senior,Business
Lisa Fogarty,18,0.6,2,Senior,Bio Med
Marge Wilson,19,3.02,23,Senior,Early College
Roman Davis,17,4.22,37,Sophomore,Marketing
Kyan Foster,18,0.46,60,Senior,Early Childhood Education
Joe Garcia,17,0.34,36,Victory Lap,Business
Jill Brown,19,2.11,55,Senior,Early Childhood Education
Elijah Moore,18,2.81,30,Junior,Bio Med
Keaton Anderson,15,4.1,6,Junior,Engineering
Roman Willaims,15,0.51,50,Freshman,Computer Science
Mac Wilson,15,2.68,39,Sophomore,Computer Science
Keaton Brown,18,0.68,59,Junior,Early Childhood Education
Alexis Davis,14,3.14,25,Senior,Marketing
Jane Garcia,16,0.77,60,Junior,Engineering
Keaton Garcia,16,0.71,39,Senior,Engineering
Jane Fogarty,16,2.11,31,Junior,Construction
Kyan Jones,17,2.84,18,Junior,Bio Med
Keaton Moore,18,2.55,22,Victory Lap,Culinary
Kaden Moore,15,1.78,20,Senior,Early Childhood Education
Joe Johnson,19,1.5,10,Victory Lap,Construction
Andrew Moore,18,4.01,24,Victory Lap,Construction
Mac Fogarty,15,1.65,3,Sophomore,Bio Med
Kyan Garcia,15,2.33,15,Victory Lap,Early Childhood Education
Lisa Manukyan,14,2.56,10,Freshman,Computer Science
Kaden DeFreitas,19,2.98,3,Victory Lap,Construction
Jane Johnson,15,3.71,49,Junior,Computer Science
Mac Jones,19,3.51,1,Victory Lap,Marketing
Andrew Jones,19,0.73,20,Junior,Early College
Andrew Manukyan,14,1.62,30,Senior,Bio Med
Danielle Smith,18,4.1,31,Junior,Marketing
Van Miller,16,2.8,30,Freshman,Construction
Marge Miller,18,1.59,51,Freshman,Bio Med
Ben Foster,15,4.21,56,Sophomore,Business
Roman Jones,14,0.45,59,Freshman,Criminal Justice
Kyan Jones,15,1.98,1,Victory Lap,Early College
Emma Miller,17,3.4,25,Senior,Bio Med
Emmy Anderson,15,4.27,18,Sophomore,Bio Med
Jane DeFreitas,15,2.78,3,Sophomore,Business
Andrew Smith,19,4.1,49,Victory Lap,Criminal Justice
Alexis Davis,18,4.2,15,Victory Lap,Business
Emma Jones,15,0.4,23,Junior,Criminal Justice
Lisa Garcia,15,1.7,16,Sophomore,Business
Kaden Miller,19,1.65,39,Victory Lap,Business
Emmy Smith,18,3.28,45,Junior,Early College
Marge Smith,17,3.81,4,Freshman,Construction
Aiden Garcia,14,4.08,36,Freshman,Computer Science
Mac Jones,15,1.81,41,Junior,Business
Rachel Wilson,14,1.67,8,Freshman,Business
Andrew Smith,15,0.33,52,Senior,Culinary
Benedict Davis,15,4.14,40,Victory Lap,Early College
Benedict Manukyan,19,3.85,18,Victory Lap,Engineering
Lisa Anderson,16,3.61,5,Junior,Culinary
Kaden Wilson,16,1.58,37,Junior,Business
Katerina Smith,18,0.38,16,Senior,Early College
Eliana Wilson,19,4.24,36,Freshman,Early College
Danielle Fogarty,17,1.62,36,Junior,Bio Med
Keaton Willaims,17,2.42,12,Junior,Construction
Noah Jones,16,3.77,53,Victory Lap,Marketing
Eliana Fogarty,15,0.35,46,Sophomore,Marketing
Andrew Johnson,14,3.61,19,Senior,Early Childhood Education
Van Smith,16,4.07,23,Junior,Business
Danielle Wilson,19,1.45,17,Victory Lap,Criminal Justice
Noah Garcia,14,2.89,58,Freshman,Construction
Jill Brown,16,0.85,52,Senior,Marketing
Joe Fogarty,14,1.64,9,Victory Lap,Computer Science
Van Garcia,17,2.44,12,Freshman,Construction
Emmy Willaims,19,3.55,51,Junior,Marketing
Marge Foster,18,1.08,25,Freshman,Criminal Justice
Jane Moore,16,2.91,41,Victory Lap,Bio Med
Kaden Manukyan,15,3.73,16,Junior,Marketing
Katerina Wilson,14,0.79,25,Junior,Computer Science
Lisa Smith,18,3.81,45,Junior,Early Childhood Education
Emmy Davis,15,1.8,32,Sophomore,Early College
Van Smith,15,2.36,26,Freshman,Engineering
Roman Willaims,19,3.36,47,Freshman,Computer Science
Aiden Anderson,14,0.41,22,Freshman,Computer Science
Keaton Jones,15,1.57,31,Junior,Culinary
Rachel Moore,16,1.61,15,Junior,Culinary
Ben Moore,15,4.26,29,Junior,Criminal Justice
Ben Willaims,17,2.01,52,Sophomore,Early College
Lisa Davis,16,1.32,47,Freshman,Bio Med
Lisa Fogarty,16,2.37,34,Junior,Business
Eliana Willaims,18,0.96,18,Senior,Culinary
Marge Brown,16,3.29,40,Senior,Computer Science
Andrew Foster,16,3.3,35,Sophomore,Engineering
Katerina Manukyan,16,1.12,13,Junior,Early College
Emma Miller,19,1.38,25,Victory Lap,Business
Jill Johnson,17,0.74,56,Victory Lap,Early Childhood Education
Emma Garcia,18,3.34,50,Freshman,Criminal Justice
Alexis Brown,17,3.1,43,Victory Lap,Criminal Justice
Eliana Wilson,18,2.71,29,Victory Lap,Culinary
Eliana Fogarty,18,3.65,32,Freshman,Early College
Rachel Manukyan,19,3.21,9,Sophomore,Early Childhood Education
Alexis Miller,19,2.03,59,Senior,Engineering
Benedict Johnson,15,2.47,32,Freshman,Early Childhood Education
Van Garcia,16,1.54,8,Junior,Engineering
Emma Jones,14,2.68,50,Junior,Engineering
Emmy Smith,19,0.63,25,Junior,Culinary
Eliana Foster,17,0.85,40,Sophomore,Business
Emmy Willaims,17,1.7,58,Victory Lap,Business
Noah Brown,16,1.52,42,Senior,Marketing
Lisa Brown,17,2.23,32,Victory Lap,Computer Science
Emma Davis,14,2.46,8,Sophomore,Culinary
Joe Anderson,17,3.35,18,Victory Lap,Construction
Danielle Fogarty,19,3.33,49,Junior,Early College
Andrew Anderson,17,3.16,6,Senior,Construction
Eliana Davis,18,2.93,10,Freshman,Early College
Emmy Willaims,19,2.71,60,Junior,Computer Science
Rachel Garcia,15,0.95,57,Sophomore,Computer Science
Mac Garcia,14,2.49,60,Freshman,Business
Elijah Miller,19,1.88,55,Victory Lap,Computer Science
Lisa Davis,15,1.84,40,Freshman,Early College
Andrew Miller,15,2.51,41,Freshman,Marketing
Benedict Johnson,16,0.34,31,Freshman,Early College
Benedict Fogarty,19,2.12,40,Freshman,Early College
Jill DeFreitas,14,2.04,14,Senior,Early Childhood Education
Keaton Fogarty,18,4.1,24,Senior,Criminal Justice
Marge Manukyan,14,1.62,59,Junior,Computer Science
Aiden Wilson,15,3.49,15,Junior,Engineering
Ben Foster,15,1.71,15,Sophomore,Construction
Noah Manukyan,18,1.03,38,Senior,Marketing
Rachel Manukyan,15,4.18,50,Sophomore,Marketing
Kaden Moore,15,1.7,26,Freshman,Early College
Eliana Miller,17,1.93,53,Victory Lap,Marketing
Emma Smith,14,4.22,1,Sophomore,Engineering
Kyan Manukyan,19,3.07,49,Junior,Early College
Emmy Jones,17,4.0,39,Senior,Business
Emma Davis,16,2.46,13,Junior,Marketing
Katerina Foster,14,1.51,5,Sophomore,Bio Med
Elijah Moore,15,3.98,21,Sophomore,Early College
Katerina Foster,16,3.25,56,Senior,Computer Science
Roman Brown,16,0.92,0,Junior,Construction
Mac Wilson,19,2.98,2,Junior,Early Childhood Education
Ben Manukyan,17,3.75,33,Victory Lap,Computer Science
Elijah Garcia,18,4.23,23,Sophomore,Criminal Justice
Katerina Wilson,15,2.32,19,Freshman,Marketing
Jane Manukyan,17,1.37,48,Sophomore,Early College
Andrew DeFreitas,17,2.06,53,Sophomore,Early Childhood Education
Alexis Manukyan,17,1.5,24,Victory Lap,Construction
Alexis Jones,16,3.73,24,Freshman,Bio Med
Eliana Johnson,17,3.7,60,Freshman,Business
Alexis Johnson,18,1.54,12,Junior,Business
Alexis Foster,14,1.0,11,Junior,Culinary
Danielle Smith,17,3.42,41,Senior,Computer Science
Kyan Garcia,15,1.85,37,Senior,Culinary
Eliana Smith,14,0.53,36,Senior,Early Childhood Education
Van Willaims,17,2.54,60,Junior,Business
Roman Jones,19,1.82,31,Victory Lap,Early College
Emma Manukyan,19,3.78,49,Senior,Business
Katerina Moore,16,0.82,14,Victory Lap,Early College
Joe Willaims,17,0.45,27,Junior,Criminal Justice
Kaden Foster,19,1.71,54,Sophomore,Bio Med
Rachel Foster,15,0.82,34,Senior,Criminal Justice
Jane Miller,15,3.58,51,Junior,Marketing
Marge Davis,19,1.76,20,Sophomore,Marketing
Kyan Manukyan,16,1.36,3,Freshman,Marketing
Marge Anderson,16,3.28,12,Sophomore,Early Childhood Education
Ben Foster,18,1.14,23,Junior,Culinary
Eliana Anderson,15,1.41,19,Senior,Engineering
Marge Fogarty,16,0.94,5,Victory Lap,Business
Alexis Miller,14,3.78,22,Junior,Computer Science
Elijah Jones,15,3.97,38,Victory Lap,Early Childhood Education
Kaden Brown,15,2.84,51,Senior,Construction
Ben Willaims,16,1.81,51,Sophomore,Engineering
Van Johnson,15,2.42,34,Freshman,Marketing
Noah Anderson,16,0.79,27,Victory Lap,Bio Med
Kaden DeFreitas,15,3.34,10,Sophomore,Early Childhood Education
Benedict Johnson,14,0.91,5,Senior,Engineering
Emmy Garcia,17,3.35,19,Freshman,Construction
Katerina Fogarty,14,3.85,40,Freshman,Construction
Emmy Smith,14,1.01,7,Freshman,Criminal Justice
Emmy Jones,16,3.91,0,Victory Lap,Computer Science
Katerina Miller,17,2.3,36,Freshman,Engineering
Roman Johnson,15,1.85,3,Sophomore,Early College
Danielle Foster,16,1.42,26,Victory Lap,Culinary
Jane Jones,16,2.74,1,Senior,Bio Med
Roman Wilson,16,3.59,41,Freshman,Culinary
Lisa Foster,18,2.16,41,Junior,Business
Mac Garcia,17,0.96,36,Freshman,Construction
Katerina Smith,16,0.82,38,Victory Lap,Business
Andrew Jones,14,3.39,58,Senior,Business
Lucian Willaims,14,3.36,50,Sophomore,Engineering
Mac Miller,17,1.55,0,Freshman,Culinary
Eliana Davis,16,0.59,16,Victory Lap,Criminal Justice
Ben DeFreitas,18,3.3,1,Junior,Business
Emma Manukyan,18,2.68,42,Victory Lap,Criminal Justice
Rachel Foster,17,0.33,13,Victory Lap,Marketing
Kaden Anderson,16,1.66,23,Sophomore,Marketing
Mac Willaims,19,0.43,4,Sophomore,Criminal Justice
Danielle Wilson,17,1.02,24,Junior,Business
Rachel Anderson,14,1.08,1,Junior,Construction
Rachel Anderson,19,2.37,52,Freshman,Criminal Justice
Rachel Brown,15,0.88,24,Junior,Engineering
Lisa DeFreitas,15,2.99,58,Victory Lap,Early College
Rachel Fogarty,17,2.42,13,Victory Lap,Culinary
Jill Foster,14,1.0,14,Sophomore,Early College
Emmy Foster,15,1.33,8,Freshman,Bio Med
Jane Davis,15,2.1,55,Junior,Construction
Lisa Willaims,15,1.24,50,Victory Lap,Culinary
Eliana Davis,14,1.52,49,Junior,Business
Elijah Smith,15,4.07,50,Senior,Construction
Emmy Foster,16,2.43,22,Sophomore,Early Childhood Education
Roman Manukyan,19,0.7,1,Sophomore,Early College
Elijah Garcia,16,0.94,48,Victory Lap,Business
Roman Johnson,14,1.75,17,Junior,Bio Med
Kaden Moore,14,1.75,13,Freshman,Construction
Jane Moore,16,1.08,27,Freshman,Early College
Emma Moore,14,2.7,48,Freshman,Early College
Kaden Miller,15,3.19,45,Senior,Engineering
Marge Anderson,18,0.75,25,Senior,Construction
Lucian DeFreitas,16,1.7,38,Junior,Engineering
Kyan Anderson,18,2.0,46,Sophomore,Early College
Lucian Davis,17,1.14,33,Freshman,Construction
Ben Anderson,17,3.09,34,Sophomore,Construction
Jill Garcia,19,1.2,53,Victory Lap,Business
Danielle Manukyan,19,4.25,10,Junior,Criminal Justice
Eliana Moore,19,2.29,35,Freshman,Engineering
Noah Foster,14,0.38,5,Senior,Marketing
Ben Davis,18,4.17,7,Freshman,Computer Science
Noah Brown,17,1.45,40,Senior,Culinary
Emma Miller,18,1.01,5,Senior,Early Childhood Education
Jane Garcia,17,0.86,16,Victory Lap,Bio Med
Kyan Smith,19,3.9,48,Freshman,Engineering
Van Moore,15,3.68,42,Junior,Early College
Roman Manukyan,16,0.97,0,Senior,Construction
Katerina Davis,18,3.81,16,Victory Lap,Construction
Eliana Manukyan,15,2.52,6,Victory Lap,Engineering
Ben Anderson,14,2.16,32,Senior,Early College
Ben Anderson,17,2.91,9,Freshman,Bio Med
Lucian Davis,14,0.78,19,Senior,Business
Jill Johnson,16,3.64,50,Freshman,Business
Ben Fogarty,14,0.74,22,Junior,Business
Marge Brown,14,2.85,17,Senior,Culinary
Marge Garcia,14,1.6,14,Victory Lap,Culinary
Noah Garcia,19,0.35,14,Freshman,Computer Science
Van Manukyan,17,1.47,8,Junior,Construction
Mac Foster,16,0.61,5,Victory Lap,Bio Med
Van Willaims,15,4.0,54,Sophomore,Criminal Justice
Van Moore,17,3.78,48,Freshman,Early Childhood Education
Joe Johnson,16,2.27,29,Senior,Business
Van Fogarty,17,2.59,47,Freshman,Construction
Emma Garcia,17,3.92,25,Senior,Early College
Andrew Anderson,17,3.3,15,Victory Lap,Marketing
Emma Willaims,15,0.68,40,Junior,Culinary
Roman Garcia,17,3.68,17,Junior,Marketing
Lucian Davis,16,3.2,60,Freshman,Construction
Emmy Foster,15,3.63,8,Sophomore,Computer Science
Joe Willaims,17,0.54,46,Sophomore,Business
Eliana Miller,15,4.05,23,Sophomore,Culinary
Andrew Johnson,14,1.28,55,Junior,Construction
Jane Willaims,18,1.07,48,Victory Lap,Early College
Aiden Smith,14,2.36,13,Freshman,Culinary
Kyan Wilson,19,4.08,54,Junior,Bio Med
Emma Manukyan,18,2.73,11,Victory Lap,Construction
Kyan Davis,19,0.48,54,Freshman,Culinary
Benedict Smith,19,2.68,60,Victory Lap,Marketing
Alexis Anderson,18,0.98,56,Sophomore,Business
Lucian Jones,14,1.48,8,Sophomore,Criminal Justice
Emma Brown,18,0.95,44,Junior,Engineering
Mac Foster,14,0.76,9,Senior,Marketing
Rachel Anderson,19,4.1,10,Senior,Engineering
Ben Manukyan,16,3.21,56,Sophomore,Culinary
Roman Johnson,19,0.67,24,Freshman,Culinary
Elijah Jones,16,3.78,15,Freshman,Bio Med
Keaton Anderson,18,1.44,1,Senior,Construction
Kyan DeFreitas,15,4.17,21,Senior,Bio Med
Lucian Wilson,16,2.78,33,Sophomore,Marketing
Alexis Brown,18,1.11,38,Sophomore,Marketing
Benedict Davis,14,3.84,7,Victory Lap,Marketing
Rachel DeFreitas,17,0.67,50,Junior,Early College
Roman Fogarty,18,0.51,2,Junior,Marketing
Benedict Manukyan,14,0.5,36,Freshman,Early Childhood Education
Andrew Manukyan,16,2.4,38,Junior,Business
Van Anderson,16,0.4,37,Senior,Computer Science
Emmy Foster,15,3.55,31,Freshman,Early College
Elijah Anderson,19,3.06,21,Sophomore,Early College
Benedict Jones,14,1.01,40,Senior,Engineering
Benedict Manukyan,17,3.82,31,Senior,Bio Med
Mac Foster,19,4.07,18,Sophomore,Construction
Andrew Miller,15,4.05,6,Junior,Bio Med
Mac DeFreitas,19,0.65,39,Senior,Computer Science
Benedict Willaims,15,0.55,45,Victory Lap,Criminal Justice
Danielle Garcia,17,2.24,37,Freshman,Early College
Katerina Smith,15,4.28,0,Sophomore,Construction
Eliana Foster,15,2.88,18,Sophomore,Business
Alexis Fogarty,15,1.64,49,Senior,Computer Science
Kyan Anderson,18,1.44,41,Senior,Engineering
Eliana Miller,17,3.0,2,Victory Lap,Engineering
Rachel Anderson,15,1.24,29,Freshman,Criminal Justice
Kyan Fogarty,18,0.62,44,Victory Lap,Business
Katerina Jones,16,3.5,15,Junior,Marketing
Emma DeFreitas,18,3.18,45,Freshman,Marketing
Kyan Smith,17,4.1,27,Freshman,Bio Med
Benedict Jones,15,2.58,6,Freshman,Business
Emmy Davis,15,0.53,51,Senior,Bio Med
Jill DeFreitas,18,3.48,19,Sophomore,Early College
Van Foster,15,0.3,52,Freshman,Marketing
Keaton Foster,19,3.92,51,Sophomore,Business
Lisa Johnson,19,0.8,39,Freshman,Business
Emmy Miller,14,4.3,7,Victory Lap,Business
Roman Anderson,18,2.6,33,Sophomore,Engineering
Ben Jones,19,1.16,22,Freshman,Marketing
Lucian Wilson,17,4.14,38,Victory Lap,Computer Science
Rachel Miller,17,1.12,22,Sophomore,Culinary
Emma Johnson,19,3.84,31,Sophomore,Construction
Kyan Anderson,18,4.19,48,Senior,Criminal Justice
Noah Fogarty,15,1.04,5,Freshman,Early College
Ben Manukyan,19,2.79,3,Sophomore,Culinary
Emmy Garcia,17,0.98,0,Senior,Engineering
Marge Johnson,17,3.39,29,Junior,Criminal Justice
Rachel Fogarty,16,0.7,43,Freshman,Early College
Lucian Brown,17,3.89,14,Freshman,Computer Science
Elijah Anderson,19,3.57,47,Sophomore,Early College
Noah Anderson,19,1.68,60,Senior,Early Childhood Education
Andrew Smith,18,0.92,51,Victory Lap,Culinary
Roman Miller,16,0.61,25,Senior,Construction
Kaden Wilson,16,0.69,25,Victory Lap,Construction
Kaden Garcia,19,2.12,53,Freshman,Bio Med
Kyan Manukyan,16,3.05,51,Junior,Engineering
Keaton Wilson,14,4.08,26,Victory Lap,Early Childhood Education
Danielle Smith,19,2.84,53,Freshman,Computer Science
Van Davis,15,3.31,25,Junior,Early College
Joe Fogarty,14,0.68,5,Senior,Construction
Joe Brown,15,0.39,52,Junior,Early Childhood Education
Lisa Anderson,15,4.12,34,Victory Lap,Early Childhood Education
Lisa Jones,16,3.07,14,Sophomore,Construction
Mac Foster,16,2.51,33,Victory Lap,Marketing
Ben Garcia,18,0.88,6,Freshman,Business
Rachel Moore,15,1.24,48,Senior,Bio Med
Katerina Garcia,16,2.89,42,Senior,Construction
Kyan Foster,19,1.32,26,Victory Lap,Bio Med
Van Miller,15,3.18,27,Junior,Marketing
Eliana Moore,19,1.89,7,Freshman,Computer Science
Mac Wilson,15,3.3,29,Victory Lap,Computer Science
Kyan Johnson,15,3.24,21,Junior,Early College
Emma Smith,18,2.42,16,Victory Lap,Criminal Justice
Elijah Smith,17,0.84,52,Junior,Culinary
Eliana Wilson,19,1.99,40,Sophomore,Early College
Eliana Anderson,19,1.39,14,Freshman,Criminal Justice
Kaden Brown,15,2.17,0,Junior,Early Childhood Education
Van Manukyan,18,2.87,37,Freshman,Early College
Alexis Willaims,17,2.89,24,Senior,Early Childhood Education
Emma Manukyan,16,4.3,27,Sophomore,Bio Med
Rachel Foster,14,0.57,40,Victory Lap,Culinary
Rachel Moore,14,2.01,48,Junior,Early Childhood Education
Keaton Johnson,16,0.32,44,Victory Lap,Bio Med
Kaden Anderson,17,2.44,12,Sophomore,Culinary
Mac Anderson,18,0.79,41,Freshman,Criminal Justice
Benedict Willaims,15,1.42,46,Junior,Culinary
Elijah Miller,16,2.21,27,Senior,Engineering
Ben Jones,15,3.19,37,Sophomore,Business
Jill Wilson,15,0.77,41,Victory Lap,Culinary
Roman Fogarty,18,1.8,17,Senior,Engineering
Elijah Anderson,15,0.78,10,Junior,Early Childhood Education
Benedict Miller,18,0.52,38,Sophomore,Computer Science
Mac Smith,15,3.93,19,Senior,Marketing
Mac Manukyan,16,1.97,51,Victory Lap,Construction
Lucian Brown,16,1.63,14,Victory Lap,Culinary
Katerina Anderson,19,4.25,12,Sophomore,Engineering
Ben DeFreitas,19,3.8,7,Freshman,Early Childhood Education
Katerina Manukyan,18,0.91,51,Senior,Business
Emma Miller,15,1.63,13,Senior,Engineering
Lucian Wilson,15,2.51,13,Sophomore,Bio Med
Van Anderson,15,2.34,12,Freshman,Culinary
Ben Foster,15,0.69,34,Victory Lap,Engineering
Van Wilson,19,1.44,3,Sophomore,Criminal Justice
Van Davis,17,1.74,19,Freshman,Marketing
Kaden Jones,15,3.43,39,Junior,Bio Med
Joe Wilson,18,1.45,18,Sophomore,Marketing
Emma Anderson,14,2.52,37,Junior,Early Childhood Education
Marge Brown,14,4.1,31,Sophomore,Computer Science
Benedict Anderson,19,2.0,22,Sophomore,Marketing
Kaden Anderson,17,3.47,34,Junior,Computer Science
Aiden Moore,19,1.71,51,Sophomore,Business
Andrew Davis,14,3.67,58,Sophomore,Early Childhood Education
Lucian DeFreitas,15,3.86,10,Freshman,Culinary
Aiden Anderson,18,1.62,40,Senior,Criminal Justice
Jill Jones,17,0.46,11,Junior,Business
Jill Miller,16,3.95,26,Senior,Culinary
Kaden Miller,17,0.96,25,Victory Lap,Early Childhood Education
Kyan Foster,18,1.49,36,Junior,Bio Med
Kaden Brown,19,4.17,15,Freshman,Culinary
Eliana Moore,16,1.15,22,Freshman,Computer Science
Aiden Willaims,14,0.7,5,Senior,Business
Lucian Garcia,15,1.64,33,Junior,Bio Med
Rachel Davis,15,2.04,35,Victory Lap,Culinary
Joe Manukyan,15,2.08,20,Sophomore,Criminal Justice
Kyan Jones,19,3.05,29,Senior,Early Childhood Education
Mac Garcia,17,0.9,60,Senior,Business
Benedict Garcia,16,3.72,4,Sophomore,Culinary
Emma Davis,17,3.55,47,Victory Lap,Business
Rachel Wilson,15,4.05,41,Victory Lap,Engineering
Jill Davis,18,0.65,45,Junior,Bio Med
Emma DeFreitas,19,3.42,60,Junior,Marketing
Alexis Jones,16,1.22,1,Victory Lap,Construction
Elijah DeFreitas,15,2.96,11,Victory Lap,Bio Med
Andrew Manukyan,19,1.49,41,Victory Lap,Computer Science
Jill Miller,17,0.56,35,Freshman,Computer Science
Lucian Johnson,15,0.41,26,Senior,Culinary
Ben DeFreitas,14,1.13,28,Junior,Construction
Kyan Davis,15,4.17,11,Sophomore,Early College
Elijah Johnson,19,1.7,57,Freshman,Business
Aiden Miller,18,3.29,33,Victory Lap,Early College
Aiden Brown,15,0.68,28,Junior,Computer Science
Marge Johnson,16,2.24,11,Sophomore,Marketing
Joe Willaims,17,0.96,9,Sophomore,Culinary
Katerina Johnson,14,3.01,27,Senior,Culinary
Aiden Willaims,14,1.53,37,Freshman,Business
Van Miller,17,1.3,4,Sophomore,Business
Benedict Anderson,18,3.83,44,Junior,Early College
Alexis Manukyan,15,2.49,54,Victory Lap,Early College
Elijah Moore,19,3.97,5,Junior,Computer Science
Mac Manukyan,17,1.46,39,Sophomore,Culinary
Emma Davis,16,1.65,40,Sophomore,Early College
Noah DeFreitas,17,2.68,52,Senior,Early Childhood Education
Kaden Miller,17,0.71,27,Victory Lap,Engineering
Roman Manukyan,16,0.7,20,Victory Lap,Construction
Rachel Wilson,14,0.4,50,Sophomore,Early Childhood Education
Marge Foster,14,2.93,36,Victory Lap,Construction
Noah Smith,16,3.72,28,Freshman,Bio Med
Marge Moore,14,0.49,50,Sophomore,Bio Med
Ben Fogarty,16,1.79,48,Sophomore,Bio Med
Lisa Brown,17,1.32,16,Victory Lap,Marketing
Benedict Johnson,16,3.57,57,Senior,Early Childhood Education
Keaton Anderson,19,3.09,49,Victory Lap,Early Childhood Education
Keaton Davis,16,0.58,60,Victory Lap,Construction
Danielle Foster,15,2.75,41,Senior,Engineering
Jane Anderson,16,1.43,47,Senior,Early Childhood Education
Roman Smith,19,3.44,23,Senior,Culinary
Rachel Wilson,15,0.31,45,Freshman,Criminal Justice
Lisa DeFreitas,17,3.53,57,Sophomore,Computer Science
Benedict Anderson,14,0.48,26,Victory Lap,Criminal Justice
Emma Manukyan,14,0.77,54,Freshman,Construction
Lucian DeFreitas,18,3.98,52,Senior,Business
Aiden Wilson,17,3.28,2,Senior,Business
Joe DeFreitas,15,3.54,33,Sophomore,Early Childhood Education
Emma Moore,15,3.91,7,Victory Lap,Computer Science
Emma Brown,15,1.13,30,Senior,Early College
Kaden Smith,17,3.89,22,Sophomore,Engineering
Emma Garcia,16,1.94,44,Sophomore,Computer Science
Jill Wilson,16,2.42,26,Victory Lap,Culinary
Alexis Jones,14,1.84,59,Sophomore,Culinary
Andrew DeFreitas,16,3.47,17,Senior,Computer Science
Mac Miller,14,0.39,16,Freshman,Bio Med
Elijah Brown,19,0.72,53,Senior,Bio Med
Andrew DeFreitas,17,2.48,49,Sophomore,Computer Science
Van Foster,19,3.92,11,Senior,Bio Med
Noah Manukyan,17,2.31,49,Junior,Business
Lucian Brown,17,3.91,11,Sophomore,Bio Med
Van Smith,14,1.9,50,Senior,Engineering
Keaton Manukyan,15,2.53,1,Senior,Business
Emmy DeFreitas,16,3.68,53,Senior,Criminal Justice
Jane Wilson,18,3.94,3,Junior,Early College
Mac Jones,14,1.96,45,Sophomore,Criminal Justice
Emmy Davis,16,0.54,32,Junior,Early Childhood Education
Lucian Jones,17,0.67,51,Victory Lap,Criminal Justice
Emmy Jones,15,2.29,47,Freshman,Culinary
Andrew DeFreitas,17,2.36,29,Freshman,Early College
Ben Moore,19,3.35,18,Junior,Culinary
Emma Manukyan,14,0.87,30,Victory Lap,Marketing
Van Smith,14,3.83,11,Junior,Criminal Justice
Joe Johnson,17,2.41,21,Senior,Early College
Aiden Wilson,16,3.68,33,Junior,Engineering
Lisa Smith,15,2.28,8,Victory Lap,Construction
Lucian Wilson,19,3.9,56,Freshman,Early College
Marge Brown,17,3.6,36,Senior,Culinary
Rachel Wilson,14,0.88,28,Junior,Bio Med
Noah Moore,18,3.43,52,Sophomore,Business
Emma Wilson,15,0.89,57,Senior,Marketing
Elijah DeFreitas,17,0.43,7,Freshman,Computer Science
Emmy Anderson,14,4.08,41,Victory Lap,Business
Jane Foster,15,1.59,60,Sophomore,Culinary
Mac Garcia,15,1.75,16,Junior,Early College
Benedict Johnson,17,3.71,42,Freshman,Early Childhood Education
Danielle Brown,15,0.72,24,Freshman,Early College
Jane Foster,16,4.1,54,Junior,Culinary
Elijah Smith,18,4.11,31,Junior,Bio Med
Lucian Davis,14,3.58,31,Junior,Construction
Aiden DeFreitas,18,2.51,0,Sophomore,Culinary
Kaden DeFreitas,19,3.35,36,Victory Lap,Bio Med
Katerina Garcia,19,3.47,35,Sophomore,Early College
Benedict Smith,18,3.33,16,Victory Lap,Bio Med
Keaton Wilson,14,0.98,28,Senior,Early Childhood Education
Ben Manukyan,19,2.35,7,Victory Lap,Bio Med
Elijah Johnson,17,0.52,30,Freshman,Criminal Justice
Keaton Fogarty,17,3.64,27,Freshman,Bio Med
Joe Miller,15,0.61,3,Sophomore,Engineering
Marge Garcia,15,3.74,5,Sophomore,Culinary
Aiden Davis,16,3.51,36,Sophomore,Engineering
Lisa Davis,18,1.24,11,Junior,Bio Med
Roman Moore,14,2.73,7,Senior,Criminal Justice
Eliana Moore,14,2.7,47,Senior,Early College
Joe Willaims,19,3.06,32,Sophomore,Marketing
Elijah Miller,18,3.64,5,Junior,Marketing
Lisa Johnson,19,3.61,15,Freshman,Criminal Justice
Ben DeFreitas,14,1.03,5,Junior,Marketing
Benedict Jones,16,3.28,44,Victory Lap,Computer Science
Jane Moore,14,3.34,23,Junior,Marketing
Noah Wilson,15,2.54,8,Freshman,Construction
Kaden Brown,16,3.95,14,Sophomore,Business
Keaton Foster,14,0.47,34,Junior,Early Childhood Education
Ben Willaims,18,2.33,49,Sophomore,Marketing
Joe Moore,15,1.96,35,Freshman,Engineering
Kyan Davis,16,2.95,49,Freshman,Marketing
Danielle Smith,19,0.65,1,Junior,Early College
Katerina Willaims,19,1.71,59,Victory Lap,Engineering
Danielle Anderson,19,4.0,32,Junior,Business
Jill Smith,15,2.73,26,Victory Lap,Early College
Danielle Jones,16,1.35,57,Senior,Engineering
Aiden Wilson,18,4.02,33,Senior,Bio Med
Lisa Davis,19,0.4,50,Victory Lap,Early College
Aiden Manukyan,16,0.77,48,Junior,Construction
Ben Moore,19,3.78,5,Senior,Bio Med
Roman Johnson,17,0.96,30,Victory Lap,Early Childhood Education
Benedict Anderson,17,1.67,44,Victory Lap,Culinary
Marge Fogarty,15,1.89,1,Senior,Marketing
Jane Smith,18,0.35,55,Freshman,Marketing
Alexis Manukyan,19,1.98,46,Sophomore,Engineering
Aiden Davis,16,1.86,31,Victory Lap,Business
Eliana Smith,15,2.8,53,Victory Lap,Construction
Ben Davis,16,4.15,30,Junior,Construction
Roman Foster,15,0.84,58,Junior,Early College
Noah Fogarty,17,0.9,42,Senior,Culinary
Emmy Johnson,14,2.47,31,Junior,Criminal Justice
Jane Johnson,19,3.73,7,Victory Lap,Early College
Kaden Davis,17,4.14,59,Sophomore,Criminal Justice
Ben Moore,19,2.52,20,Victory Lap,Engineering
Mac Anderson,17,1.71,12,Victory Lap,Engineering
Elijah Davis,16,0.97,53,Freshman,Early Childhood Education
Kaden Moore,16,3.76,33,Sophomore,Business
Noah Wilson,15,3.86,46,Junior,Early College
Eliana Smith,15,3.34,34,Sophomore,Construction
Marge Johnson,18,2.73,31,Sophomore,Early Childhood Education
Keaton Brown,15,3.66,43,Sophomore,Early Childhood Education
Elijah Anderson,15,3.12,34,Junior,Computer Science
Kaden Foster,19,3.42,26,Junior,Computer Science
Mac Davis,19,3.8,14,Senior,Culinary
Aiden Jones,14,1.55,50,Freshman,Engineering
Keaton Miller,18,3.63,9,Victory Lap,Engineering
Lucian Jones,19,2.53,20,Junior,Early College
Lisa Johnson,14,3.9,23,Sophomore,Criminal Justice
Katerina Johnson,15,2.63,58,Victory Lap,Business
Ben Brown,18,3.64,0,Victory Lap,Criminal Justice
Jill Moore,18,2.27,25,Sophomore,Criminal Justice
Kaden Jones,14,2.57,18,Freshman,Marketing
Lucian Brown,14,4.18,12,Freshman,Early Childhood Education
Lucian Johnson,19,1.99,13,Junior,Early Childhood Education
Benedict Smith,17,1.69,60,Victory Lap,Marketing
Katerina Manukyan,19,1.48,25,Junior,Business
Aiden Brown,15,3.85,19,Senior,Construction
Alexis Davis,14,2.65,56,Freshman,Culinary
Andrew Anderson,15,0.82,14,Senior,Construction
Marge Garcia,18,0.86,25,Victory Lap,Computer Science
Mac Anderson,19,2.25,40,Sophomore,Marketing
Emma Wilson,15,1.48,43,Victory Lap,Culinary
Keaton Manukyan,19,4.16,30,Junior,Construction
Roman Willaims,17,2.24,8,Sophomore,Business
Joe Jones,18,0.61,29,Victory Lap,Engineering
Eliana Moore,16,1.96,50,Sophomore,Computer Science
Eliana Brown,17,2.29,52,Victory Lap,Early Childhood Education
Mac Garcia,16,3.58,15,Freshman,Early Childhood Education
Noah Johnson,18,4.06,6,Sophomore,Criminal Justice
Marge Manukyan,16,4.26,53,Freshman,Early Childhood Education
Lisa Miller,16,2.25,20,Victory Lap,Early College
Benedict Wilson,19,3.22,59,Junior,Early Childhood Education
Marge Manukyan,16,3.07,19,Freshman,Early Childhood Education
Ben Fogarty,17,2.19,28,Freshman,Marketing
Jill Johnson,17,1.24,3,Victory Lap,Criminal Justice
Roman Wilson,19,3.58,43,Sophomore,Culinary
Kyan Fogarty,18,3.94,37,Victory Lap,Engineering
Noah Jones,19,4.29,27,Freshman,Computer Science
Ben Brown,17,1.23,29,Junior,Computer Science
Mac Moore,19,1.08,5,Victory Lap,Construction
Katerina Moore,18,2.37,7,Victory Lap,Criminal Justice
Aiden DeFreitas,19,0.82,23,Freshman,Engineering
Elijah Wilson,15,2.89,21,Junior,Marketing
Benedict Davis,16,3.26,3,Senior,Engineering
Marge Anderson,15,0.4,16,Freshman,Bio Med
Jill Moore,17,1.72,39,Senior,Criminal Justice
Alexis Garcia,16,3.43,50,Freshman,Computer Science
Alexis Smith,18,0.62,36,Senior,Early Childhood Education
Emmy Wilson,14,3.4,27,Sophomore,Computer Science
Alexis Foster,18,3.22,26,Victory Lap,Early College
Rachel DeFreitas,18,1.47,42,Senior,Computer Science
Danielle Garcia,17,1.69,55,Freshman,Engineering
Emma Fogarty,14,1.61,7,Junior,Marketing
Emmy Foster,14,3.75,32,Freshman,Early College
Joe Garcia,15,2.23,6,Senior,Marketing
Noah Moore,14,3.76,56,Victory Lap,Criminal Justice
Ben Jones,19,3.73,12,Victory Lap,Early College
Jill Foster,16,2.95,29,Freshman,Business
Ben Willaims,18,0.76,20,Victory Lap,Criminal Justice
Jane Anderson,19,2.01,39,Victory Lap,Engineering
Aiden Jones,18,1.83,59,Sophomore,Early College
Emmy Brown,14,3.6,15,Victory Lap,Early Childhood Education
Elijah Moore,17,4.16,28,Victory Lap,Business
Keaton Jones,19,0.49,17,Junior,Bio Med
Elijah Foster,18,3.8,42,Sophomore,Marketing
Jill Garcia,15,3.6,46,Freshman,Construction
Lisa DeFreitas,14,2.94,2,Junior,Construction
Ben Anderson,16,0.86,36,Senior,Culinary
Benedict Davis,15,0.39,14,Freshman,Construction
Mac Brown,16,3.95,29,Sophomore,Computer Science
Jill Anderson,18,2.83,10,Senior,Bio Med
Keaton Johnson,14,3.87,39,Freshman,Construction
Noah Fogarty,19,1.34,16,Sophomore,Computer Science
Noah Garcia,16,0.32,14,Sophomore,Culinary
Roman Anderson,16,3.76,55,Freshman,Bio Med
Lisa Smith,18,1.9,26,Victory Lap,Business
Katerina DeFreitas,17,3.09,15,Victory Lap,Computer Science
Van Brown,18,3.22,47,Sophomore,Early Childhood Education
Marge Moore,16,0.39,28,Sophomore,Construction
Rachel Johnson,18,4.03,46,Victory Lap,Computer Science
Noah Garcia,19,4.27,54,Senior,Early College
Kaden DeFreitas,16,3.94,42,Junior,Bio Med
Jill Fogarty,14,3.06,28,Sophomore,Criminal Justice
Aiden DeFreitas,16,0.86,14,Sophomore,Marketing
Kaden Manukyan,16,0.53,40,Sophomore,Construction
Noah Manukyan,19,2.3,18,Victory Lap,Early College
Joe DeFreitas,14,3.34,3,Sophomore,Bio Med
Ben Manukyan,14,0.71,2,Junior,Marketing
Benedict Moore,14,1.85,44,Freshman,Early College
Rachel Wilson,19,1.7,34,Freshman,Construction
Van Garcia,18,1.43,20,Senior,Bio Med
Noah DeFreitas,18,3.88,14,Victory Lap,Engineering
Emma Miller,17,3.78,23,Victory Lap,Criminal Justice
Jane Davis,14,1.08,17,Senior,Early College
Alexis Manukyan,19,1.17,5,Victory Lap,Construction
Noah DeFreitas,17,3.53,1,Freshman,Computer Science
Roman Moore,17,3.81,7,Junior,Early College
Rachel Foster,14,1.18,20,Victory Lap,Culinary
Mac DeFreitas,14,1.32,4,Senior,Bio Med
Emmy Jones,16,2.04,9,Senior,Early Childhood Education
Danielle Foster,17,1.45,1,Freshman,Computer Science
Jane Brown,19,1.84,49,Senior,Early College
Aiden Miller,15,2.26,15,Junior,Bio Med
Joe Smith,19,1.55,1,Freshman,Marketing
Kyan Jones,16,0.47,54,Senior,Criminal Justice
Lucian Garcia,16,2.93,36,Senior,Business
Joe Garcia,19,3.12,45,Victory Lap,Engineering
Aiden Wilson,19,4.07,42,Victory Lap,Marketing
Danielle DeFreitas,16,1.38,23,Freshman,Bio Med
Joe Anderson,16,1.06,39,Junior,Construction
Kyan Foster,19,3.41,52,Victory Lap,Business
Katerina Moore,16,3.78,19,Victory Lap,Marketing
Lisa Fogarty,19,0.66,9,Freshman,Bio Med
Katerina Johnson,19,0.94,25,Sophomore,Bio Med
Roman Jones,19,3.62,32,Sophomore,Engineering
Eliana Willaims,19,0.73,29,Victory Lap,Bio Med
Mac Anderson,16,3.23,22,Freshman,Construction
Jane Moore,19,2.89,57,Sophomore,Early College
Danielle Fogarty,19,1.44,50,Victory Lap,Construction
Emma Johnson,14,2.28,48,Senior,Criminal Justice
Emma Wilson,14,1.8,53,Sophomore,Engineering
Keaton Wilson,16,2.82,60,Senior,Early Childhood Education
Benedict Anderson,18,2.84,50,Junior,Construction
Alexis Fogarty,18,3.2,13,Senior,Culinary
Aiden Davis,19,1.78,32,Senior,Bio Med
Kaden Jones,18,2.3,26,Senior,Bio Med
Noah DeFreitas,15,3.23,52,Junior,Culinary
Andrew Manukyan,18,0.48,35,Junior,Engineering
Roman Garcia,17,2.89,52,Junior,Computer Science
Katerina Jones,15,3.82,51,Senior,Criminal Justice
Keaton Miller,18,3.03,30,Sophomore,Marketing
Lisa Fogarty,16,0.96,16,Junior,Bio Med
Aiden Manukyan,16,1.3,30,Senior,Computer Science
Marge Moore,17,0.35,2,Freshman,Early College
Eliana Brown,16,1.9,59,Sophomore,Engineering
Roman Wilson,19,3.08,46,Junior,Marketing
Alexis Fogarty,16,3.86,26,Senior,Business
Alexis DeFreitas,16,3.3,8,Junior,Construction
Emmy Davis,14,1.15,37,Freshman,Business
Joe Anderson,16,1.41,42,Sophomore,Business
Eliana Foster,15,1.74,44,Victory Lap,Business
Elijah Foster,19,0.93,24,Junior,Culinary
Mac Garcia,18,1.0,17,Victory Lap,Marketing
Rachel Anderson,14,2.62,38,Freshman,Culinary
Katerina DeFreitas,16,0.88,52,Senior,Engineering
Alexis Fogarty,17,3.6,3,Senior,Engineering
Ben Miller,19,3.49,21,Victory Lap,Engineering
Keaton Anderson,17,0.85,5,Sophomore,Early Childhood Education
Elijah DeFreitas,14,3.22,10,Junior,Business
Benedict Davis,19,2.84,33,Sophomore,Engineering
Marge DeFreitas,17,1.57,40,Senior,Construction
Katerina Willaims,18,3.74,21,Sophomore,Criminal Justice
Emmy Manukyan,18,1.24,0,Victory Lap,Business
Ben Willaims,14,0.48,20,Victory Lap,Computer Science
Jane Wilson,17,1.48,49,Senior,Marketing
Eliana Fogarty,15,3.52,40,Sophomore,Bio Med
Emmy Smith,16,2.12,9,Freshman,Marketing
Danielle Fogarty,14,3.17,60,Freshman,Early Childhood Education
Eliana Wilson,19,0.35,16,Sophomore,Criminal Justice
Joe Manukyan,18,2.49,3,Sophomore,Marketing
Benedict Wilson,14,3.67,20,Freshman,Culinary
Lisa Johnson,16,4.18,11,Senior,Criminal Justice
Andrew Davis,15,3.04,8,Senior,Early College
Noah Moore,14,1.68,27,Freshman,Computer Science
Aiden Fogarty,15,4.19,7,Sophomore,Construction
Jane Davis,15,3.82,52,Sophomore,Engineering
Joe Fogarty,14,1.76,20,Senior,Business
Katerina Fogarty,15,3.93,54,Sophomore,Construction
Joe Jones,18,2.55,55,Freshman,Early College
Ben Willaims,18,0.77,58,Sophomore,Business
Emma Wilson,18,3.0,56,Victory Lap,Computer Science
Jane Smith,17,2.21,5,Freshman,Construction
Marge Anderson,16,3.63,32,Freshman,Bio Med
Jane Smith,15,1.19,43,Freshman,Business
Kyan Fogarty,15,2.81,54,Sophomore,Culinary
Elijah Fogarty,16,2.27,56,Freshman,Computer Science
Lisa Smith,15,1.06,41,Junior,Criminal Justice
Aiden Fogarty,17,2.67,27,Senior,Early College
Ben Willaims,17,2.3,36,Victory Lap,Culinary
Noah Davis,15,2.68,30,Victory Lap,Bio Med
Ben DeFreitas,14,1.28,36,Senior,Marketing
Jane Brown,18,3.89,25,Freshman,Bio Med
Marge Jones,14,3.99,43,Senior,Engineering
Kyan Davis,14,1.33,17,Freshman,Early College
Keaton Moore,14,1.09,58,Victory Lap,Engineering
Kyan Fogarty,16,2.79,24,Freshman,Business
Jill Davis,15,2.94,20,Freshman,Marketing
Lisa Fogarty,15,3.61,21,Senior,Construction
Kaden Brown,16,3.94,22,Junior,Bio Med
Jane Johnson,16,1.74,14,Senior,Construction
Andrew Moore,16,2.48,55,Sophomore,Computer Science
Rachel Fogarty,16,3.14,18,Junior,Criminal Justice
Marge Willaims,14,1.23,49,Senior,Business
Elijah Miller,19,2.83,3,Sophomore,Business
Ben Manukyan,19,2.33,2,Senior,Business
Eliana Miller,19,3.12,10,Senior,Criminal Justice
Keaton Garcia,17,2.97,34,Victory Lap,Computer Science
Keaton Miller,18,1.14,27,Victory Lap,Business
Roman Moore,16,3.81,46,Freshman,Computer Science
Joe Davis,17,2.67,9,Sophomore,Early College
Kaden Johnson,19,0.49,5,Freshman,Criminal Justice
Jane Willaims,18,1.83,11,Junior,Business
Ben Johnson,14,4.26,40,Freshman,Early College
Jane Garcia,17,3.23,26,Senior,Bio Med
Kaden Manukyan,18,0.87,59,Freshman,Marketing
Van Anderson,18,1.69,29,Senior,Construction
Van Brown,19,2.64,31,Senior,Business
Jane Garcia,14,4.14,27,Junior,Engineering
Andrew Miller,14,4.1,26,Freshman,Computer Science
Roman Fogarty,19,3.91,42,Junior,Bio Med
Kyan Wilson,15,0.8,52,Junior,Bio Med
Jill DeFreitas,15,2.92,23,Sophomore,Criminal Justice
Emmy Wilson,15,1.48,12,Freshman,Criminal Justice
Roman Foster,19,2.96,39,Senior,Early Childhood Education
Kaden Fogarty,18,1.84,39,Freshman,Engineering
Alexis Manukyan,16,2.07,15,Victory Lap,Early Childhood Education
Elijah Wilson,14,1.73,29,Victory Lap,Bio Med
Kaden Jones,16,0.6,27,Senior,Construction
Eliana Foster,18,3.13,7,Junior,Construction
Van Moore,18,0.92,6,Freshman,Early Childhood Education
Roman Wilson,18,1.3,28,Junior,Construction
Mac Miller,18,0.84,22,Victory Lap,Bio Med
Emmy Johnson,19,2.69,20,Senior,Early Childhood Education
Rachel Foster,18,0.68,16,Junior,Business
Elijah Anderson,14,1.23,51,Junior,Bio Med
Mac Foster,16,2.45,41,Senior,Bio Med
Andrew DeFreitas,14,1.47,9,Sophomore,Computer Science
Jane Moore,18,1.82,28,Sophomore,Early Childhood Education
Danielle Miller,15,4.03,47,Junior,Computer Science
Emmy Jones,18,1.02,53,Sophomore,Construction
Van Anderson,16,2.5,3,Victory Lap,Culinary
Joe Wilson,18,2.02,44,Freshman,Bio Med
Noah Manukyan,17,3.15,49,Senior,Computer Science
Elijah Garcia,16,2.96,0,Junior,Engineering
Jane Smith,17,2.78,45,Junior,Marketing
Keaton Jones,14,1.28,19,Junior,Computer Science
Kaden Willaims,18,0.68,29,Victory Lap,Early Childhood Education
Alexis Jones,14,3.85,29,Victory Lap,Marketing
Marge Johnson,14,0.68,0,Senior,Computer Science
Roman Moore,19,3.49,19,Junior,Marketing
Ben Manukyan,16,1.66,25,Junior,Marketing
Noah Wilson,17,3.61,5,Sophomore,Bio Med
Roman DeFreitas,18,2.64,18,Senior,Business
Noah Garcia,17,0.94,1,Senior,Early College
Mac Johnson,18,3.87,57,Senior,Bio Med
Jill Manukyan,15,2.62,53,Senior,Bio Med
Katerina Willaims,16,2.74,60,Sophomore,Business
Noah Moore,17,3.26,3,Victory Lap,Marketing
Lucian Manukyan,14,4.2,6,Freshman,Bio Med
Emmy Garcia,17,0.96,54,Sophomore,Business
Kyan Brown,19,2.13,13,Victory Lap,Marketing
Roman Johnson,14,3.71,47,Victory Lap,Bio Med
Eliana Miller,17,3.95,51,Senior,Early College
Roman Willaims,14,0.85,52,Sophomore,Early Childhood Education
Alexis Davis,17,2.72,52,Senior,Early Childhood Education
Noah Johnson,17,4.14,14,Freshman,Early Childhood Education
Emma Manukyan,15,0.41,43,Sophomore,Engineering
Van Willaims,17,1.03,8,Sophomore,Bio Med
Andrew Wilson,15,2.1,2,Victory Lap,Marketing
Eliana Manukyan,17,0.55,41,Victory Lap,Bio Med
Roman Anderson,14,4.05,32,Sophomore,Culinary
Rachel DeFreitas,14,3.67,44,Junior,Business
Katerina Johnson,19,2.97,34,Victory Lap,Bio Med
Kyan Smith,16,2.49,45,Victory Lap,Criminal Justice
Keaton Brown,16,1.53,32,Senior,Construction
Elijah Moore,18,0.48,35,Sophomore,Early College
Keaton Wilson,15,3.13,15,Senior,Culinary
Kyan Miller,19,1.54,31,Junior,Bio Med
Joe Brown,16,0.96,57,Sophomore,Construction
Kyan Fogarty,17,3.84,5,Junior,Bio Med
Aiden Jones,18,3.3,2,Victory Lap,Criminal Justice
Keaton Miller,14,1.62,29,Junior,Computer Science
Danielle Davis,16,2.75,7,Freshman,Marketing
Roman Smith,15,0.54,39,Sophomore,Business
Emma Moore,17,2.96,29,Junior,Criminal Justice
Mac Jones,17,2.58,22,Sophomore,Early College
Roman Garcia,16,3.96,39,Victory Lap,Business
Rachel Willaims,18,1.26,22,Victory Lap,Construction
Benedict Anderson,19,4.23,10,Freshman,Construction
Noah Willaims,18,1.34,26,Victory Lap,Business
Emmy Garcia,15,1.15,53,Sophomore,Early Childhood Education
Van Foster,16,2.17,56,Junior,Culinary
Emmy Foster,14,0.4,58,Freshman,Business
Aiden DeFreitas,17,0.4,7,Freshman,Business
Andrew Jones,14,2.68,15,Freshman,Culinary
Kaden Davis,19,1.74,28,Victory Lap,Culinary
Roman Johnson,18,1.38,29,Freshman,Marketing
Van Johnson,16,2.51,29,Junior,Culinary
Jill Moore,16,1.93,45,Senior,Criminal Justice
Kyan Anderson,17,3.27,55,Freshman,Criminal Justice
Alexis Fogarty,19,0.49,51,Victory Lap,Engineering
Katerina Willaims,14,2.91,37,Junior,Culinary
Jane Moore,19,1.53,49,Victory Lap,Engineering
Andrew Miller,16,1.25,1,Junior,Bio Med
Aiden Willaims,19,0.49,14,Freshman,Marketing
Joe Anderson,16,1.31,18,Freshman,Engineering
Kyan Willaims,14,3.16,10,Freshman,Construction
Jane Foster,15,2.25,3,Senior,Early Childhood Education
Emma Garcia,14,4.06,5,Freshman,Early Childhood Education
Keaton Wilson,18,4.17,58,Freshman,Construction
Lisa Wilson,18,2.34,15,Freshman,Culinary
Jane Smith,14,3.89,21,Freshman,Early College
Elijah Anderson,17,3.29,34,Junior,Early Childhood Education
Aiden Anderson,14,1.43,31,Victory Lap,Marketing
Mac DeFreitas,17,2.81,7,Victory Lap,Culinary
Noah Manukyan,19,2.12,39,Sophomore,Bio Med
Noah Willaims,18,2.59,50,Victory Lap,Construction
Jill Brown,19,3.15,53,Freshman,Construction
Van Willaims,15,1.71,17,Senior,Business
Jane Miller,15,0.93,54,Victory Lap,Early College
Kaden Johnson,15,1.02,8,Victory Lap,Criminal Justice
Emma Garcia,18,1.91,43,Junior,Early College
Lisa Manukyan,19,3.55,47,Sophomore,Criminal Justice
Noah Johnson,17,2.46,42,Victory Lap,Computer Science
Kaden Smith,17,2.53,48,Victory Lap,Early Childhood Education
Joe Garcia,14,3.36,31,Victory Lap,Engineering
Benedict Johnson,14,1.6,47,Victory Lap,Early Childhood Education
Joe Fogarty,14,1.54,12,Victory Lap,Bio Med
Lisa Foster,15,3.6,19,Senior,Marketing
Emmy Garcia,16,1.16,40,Sophomore,Construction
Alexis Wilson,18,3.94,38,Victory Lap,Business
Andrew Johnson,18,1.3,11,Junior,Bio Med
Danielle Anderson,16,4.21,17,Freshman,Computer Science
Noah Anderson,15,1.16,6,Freshman,Computer Science
Roman Smith,18,2.62,41,Junior,Business
Emmy Garcia,16,2.46,56,Freshman,Engineering
Rachel Wilson,19,2.2,1,Freshman,Computer Science
Alexis Moore,19,4.2,20,Sophomore,Business
Rachel Jones,18,3.1,56,Freshman,Culinary
Danielle Smith,15,2.48,52,Senior,Culinary
Noah Johnson,18,2.75,32,Victory Lap,Criminal Justice
Jane Willaims,17,3.72,13,Senior,Engineering
Emma Manukyan,14,1.76,39,Senior,Marketing
Andrew Moore,19,1.44,10,Victory Lap,Construction
Lucian Wilson,18,1.54,16,Victory Lap,Early Childhood Education
Lucian Johnson,18,3.25,47,Sophomore,Marketing
Jill Johnson,18,1.61,26,Freshman,Marketing
Andrew Foster,14,2.71,28,Victory Lap,Criminal Justice
Andrew Jones,15,1.62,55,Freshman,Marketing
Van Jones,16,3.56,52,Victory Lap,Early College
Roman Moore,19,3.55,27,Senior,Computer Science
Lisa Johnson,19,0.35,26,Freshman,Criminal Justice
Andrew DeFreitas,19,1.34,59,Senior,Marketing
Joe Moore,17,3.41,59,Junior,Marketing
Jill Anderson,19,1.0,5,Junior,Computer Science
Keaton Anderson,16,3.12,3,Freshman,Business
Kyan Johnson,14,0.81,8,Junior,Construction
Emmy Garcia,18,3.86,25,Freshman,Business
Marge DeFreitas,18,0.44,55,Sophomore,Bio Med
Aiden Brown,15,1.3,32,Sophomore,Bio Med
Roman Moore,17,2.79,29,Freshman,Early Childhood Education
Ben DeFreitas,15,2.59,0,Freshman,Culinary
Benedict Miller,18,2.93,32,Senior,Marketing
Kyan Manukyan,14,1.63,44,Junior,Computer Science
Elijah Manukyan,15,3.61,58,Sophomore,Early College
Lucian Garcia,17,3.4,8,Sophomore,Bio Med
Rachel DeFreitas,17,0.88,59,Sophomore,Construction
Elijah Brown,17,0.54,58,Victory Lap,Culinary
Benedict Smith,19,1.48,31,Victory Lap,Business
Elijah Wilson,15,1.17,49,Junior,Engineering
Emma Jones,15,2.5,6,Junior,Criminal Justice
Benedict Willaims,16,1.42,1,Senior,Business
Kaden Moore,18,1.68,24,Junior,Computer Science
Lisa Garcia,14,4.2,5,Victory Lap,Bio Med
Katerina Johnson,17,2.79,40,Junior,Engineering
Mac Manukyan,17,1.6,55,Victory Lap,Culinary
Joe Wilson,14,1.61,24,Junior,Computer Science
Katerina Fogarty,19,3.44,55,Freshman,Early Childhood Education
Lucian Davis,16,1.17,55,Senior,Construction
Lucian Manukyan,14,2.93,41,Senior,Culinary
Aiden Miller,14,1.57,33,Junior,Marketing
Danielle DeFreitas,17,3.35,2,Sophomore,Criminal Justice
Rachel Manukyan,17,2.95,30,Junior,Engineering
Lucian Willaims,17,0.51,35,Junior,Computer Science
Keaton Davis,19,4.12,57,Sophomore,Bio Med
Roman Wilson,15,1.32,12,Freshman,Engineering
Marge Anderson,15,3.28,26,Victory Lap,Bio Med
Jane Johnson,17,2.45,16,Freshman,Construction
Benedict Smith,17,3.11,22,Senior,Culinary
Jane Garcia,19,3.74,25,Senior,Bio Med
Van Moore,19,3.52,54,Freshman,Engineering
Eliana Garcia,16,2.53,14,Freshman,Early College
Jill Manukyan,16,1.91,52,Senior,Business
Eliana Brown,18,1.32,52,Senior,Marketing
Aiden Wilson,16,1.17,41,Freshman,Early Childhood Education
Eliana Garcia,15,3.06,29,Sophomore,Business
Danielle Willaims,17,3.73,31,Sophomore,Marketing
Elijah Willaims,15,3.12,11,Freshman,Engineering
Eliana Willaims,14,0.91,15,Senior,Construction
Van Foster,19,4.28,3,Victory Lap,Marketing
Emma Moore,17,0.66,35,Sophomore,Bio Med
Kyan Miller,18,2.91,9,Sophomore,Early Childhood Education
Kyan Brown,17,0.48,29,Sophomore,Culinary
Mac Garcia,17,3.76,4,Freshman,Early Childhood Education
Emma Moore,17,2.13,59,Sophomore,Business
Jane Willaims,14,0.69,1,Sophomore,Culinary
Noah Jones,15,0.51,17,Freshman,Engineering
Lisa Smith,15,1.12,32,Victory Lap,Early College
Jane Manukyan,15,3.9,47,Victory Lap,Culinary
Joe Johnson,14,3.22,3,Freshman,Early Childhood Education
Eliana Miller,19,3.64,55,Junior,Bio Med
Ben Fogarty,19,1.74,23,Victory Lap,Criminal Justice
Alexis Wilson,19,1.52,46,Senior,Computer Science
Aiden Manukyan,19,0.6,38,Freshman,Early Childhood Education
Andrew DeFreitas,18,2.39,50,Junior,Bio Med
Rachel Foster,15,0.82,42,Sophomore,Bio Med
Marge Garcia,16,1.48,34,Victory Lap,Engineering
Eliana Garcia,14,3.82,21,Sophomore,Early Childhood Education
Eliana Moore,19,0.65,39,Freshman,Engineering
Kaden DeFreitas,16,0.51,48,Senior,Business
Ben Miller,19,2.34,58,Senior,Early Childhood Education
Kyan Brown,15,3.55,51,Freshman,Early Childhood Education
Jill Willaims,15,1.99,24,Sophomore,Early College
Alexis Fogarty,14,0.56,24,Freshman,Computer Science
Katerina DeFreitas,19,1.52,9,Sophomore,Bio Med
Lucian Moore,19,0.8,28,Freshman,Criminal Justice
Kaden Jones,19,2.29,55,Victory Lap,Construction
Jill Jones,19,1.76,24,Senior,Culinary
Elijah Jones,14,1.04,42,Freshman,Early Childhood Education
Rachel Wilson,16,0.63,34,Victory Lap,Business
Benedict Wilson,17,0.68,48,Junior,Criminal Justice
Andrew Wilson,15,1.08,32,Sophomore,Computer Science
Mac Moore,16,1.86,8,Victory Lap,Bio Med
Aiden Wilson,17,2.94,14,Junior,Early Childhood Education
Lisa Jones,15,1.72,49,Victory Lap,Culinary
Lucian Anderson,14,1.73,56,Freshman,Engineering
Lisa Manukyan,15,1.28,43,Victory Lap,Engineering
Keaton Davis,17,1.46,40,Senior,Culinary
Mac Brown,19,1.55,40,Junior,Bio Med
Emma Smith,18,3.76,22,Freshman,Marketing
Andrew Brown,18,0.65,1,Victory Lap,Bio Med
Jane Manukyan,17,0.64,6,Sophomore,Marketing
Keaton Anderson,15,0.38,6,Senior,Early College
Eliana Wilson,17,1.82,44,Sophomore,Construction
Emmy Foster,19,2.75,0,Freshman,Computer Science
Jill Fogarty,19,3.05,10,Victory Lap,Early College
Emmy Johnson,15,0.75,14,Senior,Criminal Justice
Kyan Johnson,18,3.15,5,Freshman,Construction
Kaden Fogarty,15,0.49,32,Victory Lap,Marketing
Emma Moore,16,3.13,52,Sophomore,Construction
Keaton Smith,17,2.68,0,Sophomore,Engineering
Van Willaims,19,4.16,0,Freshman,Marketing
Lucian Anderson,17,2.01,45,Senior,Early Childhood Education
Mac DeFreitas,14,0.52,8,Freshman,Culinary
Kyan Wilson,18,2.34,2,Victory Lap,Culinary
Rachel Manukyan,18,3.04,57,Junior,Early College
Aiden Foster,19,3.51,27,Sophomore,Business
Ben Foster,19,1.49,8,Senior,Engineering
Keaton Wilson,19,2.66,26,Junior,Bio Med
Katerina Manukyan,19,0.51,33,Victory Lap,Early College
Jane Johnson,17,3.35,55,Freshman,Business
Roman Johnson,17,3.09,36,Victory Lap,Engineering
Rachel Brown,17,3.81,24,Senior,Early College
Lucian Fogarty,16,2.32,60,Junior,Early College
Aiden Manukyan,16,1.85,30,Senior,Business
Katerina Moore,16,1.4,58,Freshman,Business
Joe Foster,17,0.77,58,Sophomore,Computer Science
Joe Garcia,17,2.52,19,Senior,Bio Med
Eliana Garcia,17,3.97,1,Freshman,Construction
Mac Fogarty,16,2.14,27,Freshman,Marketing
Ben Anderson,14,0.34,57,Sophomore,Bio Med
Emmy Manukyan,17,2.63,44,Junior,Early College
Danielle Smith,16,1.25,42,Freshman,Early College
Alexis Johnson,16,0.63,56,Junior,Early Childhood Education
Emma Miller,14,3.36,43,Victory Lap,Marketing
Jill Wilson,18,4.18,60,Junior,Computer Science
Emmy Anderson,18,3.94,44,Freshman,Computer Science
Benedict Manukyan,15,2.28,24,Sophomore,Early College
Elijah Manukyan,19,2.45,23,Senior,Culinary
Kyan Willaims,16,0.77,17,Junior,Business
Benedict Garcia,15,3.94,34,Senior,Culinary
Alexis Davis,18,3.55,35,Junior,Marketing
Kaden Anderson,17,2.64,7,Senior,Marketing
Marge Garcia,15,2.7,37,Sophomore,Criminal Justice
Jane Johnson,19,2.45,42,Junior,Marketing
Joe Smith,14,1.28,56,Victory Lap,Engineering
Eliana Fogarty,19,1.69,33,Sophomore,Engineering
Jill Moore,14,2.73,48,Freshman,Construction
Emma Wilson,15,0.76,50,Junior,Culinary
Keaton Jones,16,0.65,1,Senior,Early College
Emmy Jones,17,2.41,43,Victory Lap,Engineering
Jill Anderson,16,0.93,10,Senior,Criminal Justice
Andrew Foster,14,1.44,15,Junior,Bio Med
Marge Wilson,16,3.18,57,Senior,Computer Science
Joe Smith,15,4.17,12,Freshman,Early Childhood Education
Ben Miller,19,2.65,52,Senior,Computer Science
Alexis Willaims,14,1.35,41,Victory Lap,Early Childhood Education
Mac DeFreitas,19,2.25,11,Sophomore,Bio Med
Van Brown,16,0.9,9,Victory Lap,Marketing
Elijah Davis,17,1.1,13,Victory Lap,Early Childhood Education
Andrew Garcia,19,3.44,3,Junior,Marketing
Keaton Manukyan,18,3.14,6,Freshman,Culinary
Emmy Foster,18,3.57,54,Victory Lap,Bio Med
Eliana Manukyan,16,1.0,38,Freshman,Early College
Danielle Johnson,15,1.41,51,Senior,Bio Med
Aiden Wilson,19,1.08,39,Sophomore,Early Childhood Education
Elijah Miller,19,3.23,33,Victory Lap,Marketing
Katerina Jones,17,3.97,36,Sophomore,Construction
Marge Anderson,14,0.77,20,Senior,Engineering
Elijah Moore,19,2.75,6,Victory Lap,Business
Aiden Manukyan,14,2.15,17,Senior,Criminal Justice
Eliana Wilson,16,1.97,28,Victory Lap,Construction
Joe Jones,15,3.23,21,Freshman,Culinary
Lisa Davis,15,2.08,60,Freshman,Computer Science
Andrew Moore,19,0.38,45,Victory Lap,Criminal Justice
Noah Willaims,14,0.56,33,Victory Lap,Bio Med
Elijah Foster,18,0.58,44,Sophomore,Marketing
Joe Brown,15,0.54,28,Freshman,Business
Keaton Wilson,18,1.46,0,Junior,Early Childhood Education
Kyan Johnson,14,1.96,47,Sophomore,Engineering
Roman Miller,17,3.05,38,Junior,Business
Katerina DeFreitas,18,1.35,45,Senior,Culinary
Joe Fogarty,15,1.55,1,Freshman,Marketing
Alexis Moore,14,1.19,30,Victory Lap,Culinary
Jill Johnson,19,4.24,16,Junior,Marketing
Elijah Foster,19,1.97,24,Victory Lap,Culinary
Eliana Moore,14,2.66,50,Freshman,Computer Science
Marge Foster,14,3.14,13,Sophomore,Criminal Justice
Lisa Brown,15,0.63,51,Junior,Bio Med
Rachel Davis,18,3.62,48,Senior,Engineering
Danielle Brown,17,3.41,9,Victory Lap,Business
Jane Fogarty,14,1.03,58,Sophomore,Criminal Justice
Ben Fogarty,14,0.63,17,Victory Lap,Culinary
Lisa Garcia,17,1.03,18,Junior,Engineering
Marge Garcia,14,0.94,53,Victory Lap,Bio Med
Lisa Smith,14,0.77,2,Sophomore,Construction
Danielle Brown,15,0.55,40,Sophomore,Culinary
Noah Johnson,14,1.62,26,Freshman,Construction
Marge Brown,19,3.1,16,Victory Lap,Marketing
Noah Anderson,16,4.25,15,Victory Lap,Early College
Aiden Smith,19,2.59,59,Senior,Business
Eliana Fogarty,14,3.8,16,Victory Lap,Computer Science
Marge Johnson,16,4.03,41,Sophomore,Business
Benedict DeFreitas,16,1.24,26,Sophomore,Bio Med
Andrew Fogarty,18,4.02,25,Freshman,Engineering
Katerina Garcia,14,3.52,34,Junior,Marketing
Katerina Johnson,15,2.11,6,Senior,Engineering
Benedict Smith,19,0.83,25,Junior,Business
Aiden Jones,17,3.89,17,Freshman,Construction
Roman Brown,14,3.0,45,Victory Lap,Marketing
Andrew Foster,16,3.82,2,Junior,Computer Science
Katerina Miller,16,1.25,32,Senior,Culinary
Lisa Miller,19,2.05,23,Senior,Business
Ben Davis,17,4.02,7,Senior,Construction
Emmy Fogarty,19,3.4,48,Senior,Criminal Justice
Katerina Miller,18,1.89,28,Freshman,Early Childhood Education
Emmy Miller,14,1.02,51,Freshman,Early Childhood Education
Katerina Johnson,14,1.16,22,Senior,Construction
Lisa Manukyan,19,3.9,45,Victory Lap,Early Childhood Education
Kyan Wilson,16,3.11,8,Junior,Bio Med
Emma Manukyan,16,3.6,8,Sophomore,Construction
Rachel Johnson,17,2.56,55,Senior,Early College
Rachel DeFreitas,16,1.22,51,Victory Lap,Engineering
Ben Fogarty,18,3.49,37,Sophomore,Bio Med
Emmy Anderson,19,4.11,19,Victory Lap,Business
Jill Jones,17,1.38,37,Freshman,Construction
Lisa Johnson,16,3.14,48,Freshman,Early Childhood Education
Jill Willaims,15,1.41,25,Victory Lap,Construction
Van Jones,19,1.82,6,Freshman,Bio Med
Danielle Willaims,14,0.49,0,Senior,Computer Science
Joe Garcia,17,0.76,24,Junior,Bio Med
Noah Moore,14,3.66,45,Victory Lap,Marketing
Aiden Brown,18,3.92,39,Victory Lap,Bio Med
Emma Brown,17,3.41,14,Junior,Early College
Ben Manukyan,15,1.2,3,Junior,Marketing
Aiden Davis,16,1.91,30,Sophomore,Engineering
Lisa Davis,14,0.61,11,Sophomore,Culinary
Keaton Foster,19,2.84,5,Junior,Computer Science
Emmy Garcia,16,0.96,25,Freshman,Computer Science
Alexis Johnson,16,2.7,6,Senior,Business
Kyan Manukyan,14,1.82,60,Senior,Criminal Justice
Kyan Manukyan,15,3.29,25,Victory Lap,Computer Science
Elijah Fogarty,16,2.79,39,Sophomore,Bio Med
Aiden Johnson,15,0.5,54,Victory Lap,Business
Benedict Willaims,14,3.82,15,Freshman,Computer Science
Van Jones,15,1.73,3,Junior,Engineering
Keaton Wilson,19,2.61,0,Sophomore,Business
Van Miller,14,1.62,31,Junior,Business
Kaden Foster,14,2.55,39,Senior,Computer Science
Jane Foster,18,2.37,48,Senior,Early Childhood Education
Van Johnson,14,4.05,29,Senior,Business
Lucian Moore,16,1.77,60,Freshman,Business
Rachel Fogarty,19,4.03,45,Senior,Early College
Lucian Brown,19,3.43,46,Victory Lap,Early Childhood Education
Alexis Anderson,17,2.54,1,Sophomore,Business
Eliana Miller,14,2.17,56,Victory Lap,Marketing
Van Foster,15,1.04,50,Sophomore,Early College
Kyan Johnson,19,1.81,60,Freshman,Marketing
Danielle Miller,15,1.41,44,Junior,Business
Van Anderson,15,3.61,19,Freshman,Bio Med
Noah Miller,14,0.83,59,Junior,Bio Med
Noah Garcia,19,3.54,5,Freshman,Criminal Justice
Aiden Jones,18,4.23,23,Senior,Marketing
Keaton Johnson,14,0.84,18,Senior,Marketing
Alexis Johnson,18,2.8,47,Freshman,Culinary
Eliana Davis,19,4.29,16,Junior,Culinary
Jill Davis,19,1.27,14,Senior,Early College
Marge Garcia,14,0.99,41,Freshman,Marketing
Jane Jones,14,2.28,36,Sophomore,Criminal Justice
Mac Moore,18,2.35,45,Victory Lap,Marketing
Joe Davis,18,3.72,17,Victory Lap,Marketing
Alexis Miller,17,3.44,20,Sophomore,Early College
Kaden Wilson,19,4.14,16,Victory Lap,Early Childhood Education
Alexis Brown,18,0.88,15,Sophomore,Early Childhood Education
Joe Wilson,18,0.87,58,Freshman,Criminal Justice
Katerina Miller,19,3.39,20,Senior,Construction
Van Brown,16,2.35,34,Senior,Construction
Lucian Manukyan,18,0.43,10,Sophomore,Criminal Justice
Van Smith,19,1.41,58,Freshman,Business
Kaden Fogarty,19,1.2,8,Senior,Computer Science
Eliana Moore,15,2.72,58,Junior,Early College
Keaton DeFreitas,19,0.45,6,Senior,Computer Science
Keaton Jones,17,0.97,20,Senior,Construction
Kaden Brown,15,3.13,31,Freshman,Marketing
Noah Smith,18,2.43,34,Victory Lap,Business
Van DeFreitas,15,1.14,19,Victory Lap,Business
Noah Manukyan,18,1.18,60,Junior,Early College
Marge Wilson,19,3.21,25,Senior,Marketing
Keaton DeFreitas,18,2.98,47,Victory Lap,Criminal Justice
Ben Anderson,18,1.12,33,Freshman,Business
Aiden Jones,17,3.11,20,Senior,Bio Med
Mac Anderson,19,1.29,1,Senior,Marketing
Joe Miller,19,2.43,37,Senior,Marketing
Lisa Johnson,18,0.66,47,Freshman,Construction
Eliana Moore,17,4.19,3,Victory Lap,Computer Science
Kaden Fogarty,16,0.91,56,Senior,Marketing
Kaden Smith,16,0.61,60,Junior,Early Childhood Education
Marge DeFreitas,18,0.97,23,Sophomore,Culinary
Emmy Foster,14,3.42,30,Senior,Criminal Justice
Van Willaims,16,2.1,46,Freshman,Early College
Alexis Foster,15,1.89,22,Freshman,Early Childhood Education
Kaden Johnson,16,3.49,38,Victory Lap,Criminal Justice
Van Brown,17,2.67,16,Victory Lap,Criminal Justice
Elijah Anderson,17,1.18,50,Senior,Engineering
Benedict Garcia,17,2.16,53,Freshman,Engineering
Rachel Foster,17,0.77,59,Sophomore,Construction
Jane Manukyan,15,1.13,26,Junior,Construction
Lucian Anderson,15,0.59,50,Sophomore,Culinary
Kyan Anderson,17,2.9,47,Junior,Business
Jane Garcia,17,3.7,20,Senior,Early College
Mac Garcia,17,0.44,19,Victory Lap,Business
Alexis Johnson,14,3.53,10,Senior,Business
Noah Jones,17,4.05,39,Freshman,Computer Science
Jill Brown,19,4.26,60,Freshman,Construction
Ben Johnson,14,0.45,18,Senior,Engineering
Elijah Moore,17,1.6,36,Junior,Early College
Marge Brown,18,2.32,32,Junior,Construction
Roman Brown,19,1.46,32,Freshman,Construction
Elijah Moore,19,2.19,53,Victory Lap,Culinary
Jane Johnson,19,1.29,26,Sophomore,Early Childhood Education
Kaden Willaims,14,4.2,2,Junior,Construction
Emmy Garcia,16,1.05,7,Junior,Computer Science
Emma Fogarty,14,1.0,28,Victory Lap,Early Childhood Education
Ben Miller,16,1.4,40,Freshman,Engineering
Katerina Garcia,16,0.84,3,Freshman,Marketing
Alexis Johnson,14,1.11,57,Freshman,Criminal Justice
Emmy Moore,18,1.94,24,Junior,Bio Med
Marge Jones,14,3.7,2,Senior,Culinary
Andrew Fogarty,18,2.16,9,Freshman,Early College
Van Brown,15,2.5,0,Freshman,Early Childhood Education
Noah Miller,18,1.75,2,Senior,Early Childhood Education
Eliana Foster,14,4.06,3,Sophomore,Early College
Andrew Garcia,14,2.53,52,Freshman,Bio Med
Jane DeFreitas,18,3.8,38,Junior,Marketing
Noah Wilson,17,2.99,51,Senior,Engineering
Emmy Davis,18,4.06,52,Senior,Construction
Kaden Fogarty,14,0.79,60,Victory Lap,Construction
Eliana Wilson,14,1.44,15,Senior,Criminal Justice
Marge Brown,17,2.95,5,Victory Lap,Early Childhood Education
Emma Davis,19,1.65,0,Junior,Bio Med
Jill Anderson,14,2.51,58,Junior,Culinary
Benedict Foster,14,3.58,24,Junior,Culinary
Kyan DeFreitas,17,1.39,49,Sophomore,Construction
Marge Johnson,18,0.81,13,Freshman,Engineering
Roman Johnson,14,1.42,43,Freshman,Business
Mac Jones,14,0.46,36,Freshman,Construction
Eliana Fogarty,15,2.58,16,Sophomore,Early Childhood Education
Elijah Brown,17,1.49,20,Freshman,Early College
Andrew Willaims,14,2.5,14,Victory Lap,Engineering
Alexis Jones,15,2.38,11,Sophomore,Culinary
Van Brown,19,2.7,27,Sophomore,Early Childhood Education
Emma Manukyan,18,0.45,28,Senior,Business
Keaton Anderson,19,2.12,34,Freshman,Early Childhood Education
Kaden Willaims,17,0.64,11,Victory Lap,Marketing
Jill Fogarty,16,3.8,55,Freshman,Computer Science
Benedict Moore,19,1.13,2,Victory Lap,Early College
Jill DeFreitas,14,3.37,59,Sophomore,Business
Jane Johnson,16,3.84,16,Senior,Criminal Justice
Mac Miller,15,1.98,18,Junior,Computer Science
Kaden Jones,18,0.37,60,Freshman,Engineering
Noah Miller,17,1.5,45,Senior,Engineering
Noah DeFreitas,18,1.2,34,Victory Lap,Computer Science
Noah Wilson,14,0.75,14,Victory Lap,Business
Roman Wilson,16,0.57,37,Junior,Bio Med
Jane Jones,14,1.91,11,Junior,Early Childhood Education
Katerina Manukyan,18,1.68,42,Sophomore,Bio Med
Marge Wilson,16,2.24,44,Sophomore,Marketing
Emmy Willaims,19,1.86,60,Victory Lap,Early Childhood Education
Roman Foster,14,0.88,60,Junior,Computer Science
Marge Brown,15,2.83,29,Victory Lap,Criminal Justice
Rachel Brown,17,0.61,57,Victory Lap,Construction
Van Fogarty,14,1.04,43,Senior,Early College
Rachel Anderson,19,0.63,26,Sophomore,Bio Med
Ben Miller,19,2.47,10,Victory Lap,Engineering
Roman DeFreitas,19,2.09,34,Junior,Marketing
Jane Fogarty,14,3.67,33,Sophomore,Construction
Van Garcia,16,4.29,52,Senior,Engineering
Roman Garcia,16,2.5,22,Victory Lap,Business
Lucian Wilson,19,2.38,24,Victory Lap,Marketing
Noah Wilson,18,1.23,58,Freshman,Computer Science
Joe Anderson,19,2.6,31,Senior,Computer Science
Jill Wilson,16,1.53,40,Senior,Early College
Marge Wilson,15,0.64,13,Victory Lap,Computer Science
Noah Johnson,19,2.05,51,Sophomore,Culinary
Danielle Wilson,18,2.08,35,Freshman,Construction
Roman Johnson,15,1.71,52,Senior,Culinary
Lisa Jones,17,3.15,9,Junior,Criminal Justice
Emma Anderson,16,4.16,3,Victory Lap,Culinary
Keaton Johnson,15,1.42,39,Freshman,Bio Med
Andrew Willaims,15,3.92,11,Junior,Culinary
Katerina Jones,15,3.99,38,Junior,Early Childhood Education
Lisa Johnson,18,3.43,2,Sophomore,Culinary
Kaden Moore,14,3.61,58,Freshman,Construction
Kaden Manukyan,17,2.34,33,Victory Lap,Computer Science
Keaton Manukyan,14,1.76,23,Senior,Business
Emma Miller,16,0.87,2,Junior,Business
Kaden Johnson,18,2.53,37,Sophomore,Marketing
Marge Jones,18,1.54,50,Freshman,Early Childhood Education
Kaden DeFreitas,14,3.91,30,Victory Lap,Engineering
Katerina Davis,14,0.31,6,Senior,Bio Med
Joe DeFreitas,17,1.6,33,Senior,Early Childhood Education
Jane Johnson,17,3.83,36,Freshman,Bio Med
Jill Brown,14,2.7,48,Senior,Bio Med
Elijah Anderson,17,2.92,13,Junior,Early College
Joe Fogarty,18,3.97,42,Junior,Business
Joe Miller,14,2.08,46,Junior,Criminal Justice
Keaton Willaims,14,2.37,49,Junior,Engineering
Kyan Anderson,19,2.9,41,Sophomore,Construction
Lucian Miller,14,3.18,52,Freshman,Criminal Justice
Benedict Manukyan,14,2.52,40,Junior,Marketing
Marge Davis,14,3.88,9,Freshman,Business
Danielle Johnson,19,3.41,4,Senior,Construction
Lucian Davis,19,1.73,60,Senior,Computer Science
Mac Garcia,18,0.54,7,Senior,Marketing
Kaden Manukyan,15,1.07,5,Sophomore,Early Childhood Education
Emmy Anderson,16,3.31,1,Victory Lap,Early College
Roman Jones,17,1.49,3,Senior,Bio Med
Eliana Fogarty,16,1.47,44,Victory Lap,Construction
Eliana Davis,14,2.26,53,Freshman,Early Childhood Education
Alexis Foster,15,1.45,24,Sophomore,Construction
Rachel Anderson,15,2.2,3,Sophomore,Early College
Mac Moore,17,2.37,0,Sophomore,Marketing
Jane Brown,14,3.75,30,Victory Lap,Culinary
Emma DeFreitas,17,1.81,37,Sophomore,Criminal Justice
Emma Wilson,18,1.43,43,Victory Lap,Early Childhood Education
Benedict Willaims,18,0.32,45,Senior,Engineering
Roman Davis,14,0.81,1,Senior,Construction
Ben Miller,18,1.94,29,Victory Lap,Criminal Justice
Jill Foster,17,0.55,19,Senior,Construction
Ben Anderson,17,1.26,49,Freshman,Criminal Justice
Marge Brown,14,2.84,39,Victory Lap,Bio Med
Andrew Davis,19,1.88,21,Junior,Criminal Justice
Keaton Manukyan,15,0.67,6,Freshman,Marketing
Rachel Garcia,19,3.93,9,Sophomore,Bio Med
Keaton Davis,18,1.88,0,Sophomore,Bio Med
Danielle Johnson,14,3.34,50,Junior,Early Childhood Education
Emma Wilson,15,1.48,8,Senior,Engineering
Alexis Davis,16,0.41,46,Victory Lap,Criminal Justice
Emmy Miller,18,3.73,33,Senior,Computer Science
Jane Garcia,16,1.78,25,Victory Lap,Engineering
Andrew Jones,18,1.75,21,Sophomore,Computer Science
Mac Manukyan,14,4.25,8,Junior,Culinary
Emmy Willaims,17,1.61,30,Sophomore,Early Childhood Education
Roman Moore,17,0.45,15,Sophomore,Engineering
Lisa Davis,19,3.91,0,Victory Lap,Business
Lucian Brown,16,1.96,55,Freshman,Marketing
Alexis Miller,16,2.11,8,Freshman,Business
Jill Anderson,14,1.9,24,Victory Lap,Bio Med
Marge Davis,17,2.52,19,Victory Lap,Engineering
Eliana Davis,17,2.92,49,Sophomore,Early Childhood Education
Jane Johnson,14,4.14,7,Sophomore,Construction
Noah DeFreitas,18,3.7,28,Senior,Construction
Jane Garcia,16,1.09,13,Sophomore,Business
Kaden Davis,17,3.44,58,Freshman,Computer Science
Joe Jones,15,1.69,34,Victory Lap,Marketing
Joe Johnson,17,0.8,29,Sophomore,Engineering
Ben Jones,18,0.62,26,Junior,Culinary
Elijah DeFreitas,16,3.41,57,Victory Lap,Early College
Eliana Smith,17,3.45,9,Freshman,Culinary
Jane Moore,15,1.49,46,Sophomore,Early College
Emmy Anderson,17,2.58,1,Sophomore,Culinary
Lucian Smith,19,3.97,45,Freshman,Early College
Van Davis,18,0.96,34,Sophomore,Early College
Rachel Foster,15,0.68,2,Junior,Early Childhood Education
Keaton Fogarty,15,3.83,47,Victory Lap,Culinary
Mac Davis,18,2.94,8,Sophomore,Marketing
Benedict Manukyan,14,4.24,53,Victory Lap,Construction
Kyan Manukyan,15,3.6,29,Freshman,Construction
Lisa Wilson,14,3.91,56,Junior,Business
Lucian Manukyan,16,1.0,6,Victory Lap,Early College
Andrew Smith,14,1.84,23,Freshman,Marketing
Keaton DeFreitas,17,2.93,7,Senior,Construction
Kaden Fogarty,15,2.95,11,Freshman,Construction
Katerina Garcia,16,2.47,40,Senior,Computer Science
Eliana DeFreitas,17,3.31,52,Senior,Culinary
Lisa Anderson,14,3.71,12,Junior,Early College
Roman Willaims,17,1.81,23,Victory Lap,Bio Med
Jane Fogarty,18,1.19,48,Freshman,Marketing
Alexis Jones,14,1.47,33,Junior,Bio Med
Andrew Anderson,17,1.63,3,Sophomore,Early Childhood Education
Elijah Fogarty,15,1.53,43,Freshman,Engineering
Ben Foster,16,4.1,29,Junior,Computer Science
Eliana Johnson,14,2.01,58,Sophomore,Bio Med
Kaden Miller,16,1.61,30,Senior,Bio Med
Benedict DeFreitas,19,1.48,38,Junior,Computer Science
Van DeFreitas,19,2.0,8,Senior,Construction
Jane Foster,18,1.9,45,Senior,Computer Science
Emmy Jones,19,3.45,25,Junior,Bio Med
Noah Smith,19,1.91,2,Sophomore,Business
Andrew Davis,19,0.64,0,Freshman,Computer Science
Kaden Moore,17,3.68,54,Sophomore,Bio Med
Marge Garcia,19,1.39,4,Sophomore,Criminal Justice
Danielle Brown,17,2.66,38,Junior,Engineering
Keaton Davis,16,2.99,36,Junior,Early Childhood Education
Keaton Smith,14,0.62,60,Freshman,Marketing
Marge Smith,18,2.45,17,Victory Lap,Business
Ben Miller,17,2.19,24,Victory Lap,Early Childhood Education
Danielle Johnson,19,3.63,9,Victory Lap,Marketing
Noah Manukyan,16,2.66,31,Sophomore,Construction
Alexis Jones,19,2.09,31,Sophomore,Criminal Justice
Eliana Moore,17,0.86,53,Freshman,Criminal Justice
Benedict Willaims,16,2.25,35,Senior,Bio Med
Mac Garcia,19,3.2,49,Junior,Construction
Rachel Jones,14,2.67,2,Sophomore,Early Childhood Education
Mac Garcia,14,0.89,24,Senior,Business
Rachel Willaims,14,2.17,21,Victory Lap,Construction
Van Anderson,15,3.01,42,Freshman,Bio Med
Rachel Manukyan,16,1.81,10,Freshman,Construction
Mac Willaims,18,3.12,15,Freshman,Engineering
Emmy Garcia,19,2.27,37,Freshman,Early Childhood Education
Mac Davis,15,2.12,21,Victory Lap,Marketing
Andrew Smith,16,1.63,44,Sophomore,Early College
Eliana Smith,19,2.56,22,Freshman,Early Childhood Education
Van Manukyan,18,1.38,33,Junior,Culinary
Joe Manukyan,16,2.34,60,Sophomore,Bio Med
Lisa Wilson,19,4.01,53,Victory Lap,Engineering
Jill Brown,19,2.63,42,Sophomore,Culinary
Rachel Davis,14,1.73,37,Junior,Construction
Mac Manukyan,15,3.57,49,Freshman,Bio Med
Roman Jones,16,3.28,43,Victory Lap,Construction
Marge Foster,18,2.94,6,Junior,Criminal Justice
Jane Garcia,14,2.06,22,Freshman,Bio Med
Alexis Johnson,15,0.5,39,Freshman,Construction
Alexis Miller,15,2.53,28,Sophomore,Engineering
Eliana Jones,15,1.06,49,Victory Lap,Culinary
Van Smith,17,1.98,56,Freshman,Bio Med
Eliana Manukyan,14,3.97,53,Senior,Bio Med
Benedict Jones,19,2.14,25,Freshman,Business
Noah Miller,14,0.98,54,Senior,Engineering
Aiden Smith,15,0.66,59,Senior,Early Childhood Education
Ben Miller,17,0.38,60,Junior,Culinary
Benedict Johnson,17,1.24,41,Senior,Construction
